TimeUtc,MidPriceClose,MidPriceAvg,MidPriceStdDev,SpreadAvg,Count
03/17/2026 06:42:30,31143.5,31143.5,0,39,2
03/17/2026 06:43:00,31162,31155.972222222222222222222222,8.590701619832203,28.314814814814814814814814815,54
03/17/2026 06:43:30,31162.5,31162.236842105263157894736842,0.29772917102591473,24.473684210526315789473684211,19
03/17/2026 06:44:00,31168.5,31167.152777777777777777777778,1.8326492831585994,34.305555555555555555555555556,36
03/17/2026 06:44:30,31168,31166.868421052631578947368421,0.722606853565578,33.736842105263157894736842105,19
03/17/2026 06:45:00,31168,31168,0,36,15
03/17/2026 06:45:30,31168,31167.142857142857142857142857,0.7423074889580903,34.285714285714285714285714286,7
03/17/2026 06:46:00,31172,31169.470588235294117647058824,1.0356951095093534,38.941176470588235294117647059,17
03/17/2026 06:46:30,31171,31171.5,0.19611613513818404,43,13
03/17/2026 06:47:00,31169.5,31169.833333333333333333333333,0.4714045207910317,39.666666666666666666666666667,12
03/17/2026 06:47:30,31170.5,31170.28125,0.24803918541230538,37.4375,16
03/17/2026 06:48:00,31169.5,31169.409090909090909090909091,0.4165977904505309,33.727272727272727272727272727,11
03/17/2026 06:48:30,31168.5,31167.764705882352941176470588,1.40500834264661,29.529411764705882352941176471,17
03/17/2026 06:49:00,31170.5,31171.053571428571428571428571,1.2630694310904298,34.821428571428571428571428571,28
03/17/2026 06:49:30,31171,31169.5,0.8017837257372732,31,7
03/17/2026 06:50:00,31170,31170,0,32,8
03/17/2026 06:50:30,31171,31171.388888888888888888888889,1.048220125784067,33.222222222222222222222222222,9
03/17/2026 06:51:00,31172.5,31172.384615384615384615384615,1.0405960968052834,34.769230769230769230769230769,13
03/17/2026 06:51:30,31174,31174,0,38,5
03/17/2026 06:52:30,31173.5,31173.5,0,39,1
03/17/2026 06:53:00,31172,31172.5,0.5,37,4
03/17/2026 06:53:30,31172,31172,0,36,4
03/17/2026 06:54:00,31174,31172.25,0.6020797289396148,36.1,10
03/17/2026 06:54:30,31172.5,31173.625,0.649519052838329,37.25,4
03/17/2026 06:55:00,31166.5,31169.681818181818181818181818,2.6906633794452257,29.363636363636363636363636364,11
03/17/2026 06:55:30,31170.5,31171.117647058823529411764706,0.7382294351771255,32.235294117647058823529411765,17
03/17/2026 06:56:00,31170,31170.058823529411764705882353,1.3920187724940272,30.117647058823529411764705882,17
03/17/2026 06:56:30,31170.5,31170.596153846153846153846154,0.19705674549922303,31.192307692307692307692307692,26
03/17/2026 06:57:00,31171,31170.956896551724137931034483,0.14033466031120437,31.913793103448275862068965517,58
03/17/2026 06:57:30,31171,31171,0,32,18
03/17/2026 06:58:00,31174,31171.171428571428571428571429,0.6963461489687965,32.342857142857142857142857143,35
03/17/2026 06:58:30,31174.5,31173.980769230769230769230769,0.8602411248594247,37.961538461538461538461538462,26
03/17/2026 06:59:00,31173,31172.357142857142857142857143,1.0926470386270253,34.714285714285714285714285714,7
03/17/2026 06:59:30,31174.5,31173.925,0.5973901572674261,37.85,20
03/17/2026 07:00:00,31174.5,31174.545454545454545454545455,0.14373989364401724,38.666666666666666666666666667,33
03/17/2026 07:00:30,31175,31174.958333333333333333333333,0.13819269959814165,36.083333333333333333333333333,24
03/17/2026 07:01:00,31175.5,31175.4,0.2,35.2,15
03/17/2026 07:01:30,31179.5,31179.318181818181818181818182,0.24052284646041733,41.545454545454545454545454545,11
03/17/2026 07:02:00,31180.5,31178.0125,1.1428445869845996,37.625,40
03/17/2026 07:02:30,31180,31180.490909090909090909090909,0.0668042657122685,38.981818181818181818181818182,55
03/17/2026 07:03:00,31178,31178.710526315789473684210526,0.9502878992246204,35.421052631578947368421052632,19
03/17/2026 07:03:30,31179,31179.3,0.2449489742783178,36.6,10
03/17/2026 07:04:00,31179,31179,0,36,23
03/17/2026 07:04:30,31179,31179,0,36,15
03/17/2026 07:05:00,31179,31179,0,36,44
03/17/2026 07:05:30,31177,31178.407407407407407407407407,0.9132465189583668,37.185185185185185185185185185,27
03/17/2026 07:06:00,31177.5,31177.488095238095238095238095,0.0762276694932482,39.023809523809523809523809524,42
03/17/2026 07:06:30,31177.5,31177.5,0,39,19
03/17/2026 07:07:00,31177.5,31177.5,0,39,6
03/17/2026 07:07:30,31176.5,31177.15625,0.2914805954090255,38.4375,16
03/17/2026 07:08:00,31174,31175.94,1.1516944039110375,40.12,25
03/17/2026 07:08:30,31173.5,31173.6,0.2,44.8,20
03/17/2026 07:09:00,31173.5,31173.5,0,45,17
03/17/2026 07:09:30,31174,31173.882352941176470588235294,0.21209125149788172,44.235294117647058823529411765,17
03/17/2026 07:10:00,31178.5,31175.631578947368421052631579,2.7784040537460664,47.789473684210526315789473684,38
03/17/2026 07:10:30,31172,31175.69565217391304347826087,2.6651500097872893,48.173913043478260869565217391,23
03/17/2026 07:11:00,31175.5,31186.990740740740740740740741,12.632076579508313,30.240740740740740740740740741,54
03/17/2026 07:11:30,31176,31175.966666666666666666666667,0.46427960923947065,48.266666666666666666666666667,30
03/17/2026 07:12:00,31174.5,31179.660714285714285714285714,6.435190045240882,55.321428571428571428571428571,28
03/17/2026 07:12:30,31175,31179.733333333333333333333333,6.554557362798972,55.466666666666666666666666667,15
03/17/2026 07:13:00,31180.5,31182.473684210526315789473684,4.549359944022567,60.736842105263157894736842105,19
03/17/2026 07:13:30,31180.5,31180.5,0,57,11
03/17/2026 07:14:00,31181,31181,0,56,14
03/17/2026 07:14:30,31179,31178.828947368421052631578947,1.4880060651292708,52.921052631578947368421052632,38
03/17/2026 07:15:00,31185,31180.575,2.198152633462927,57.15,20
03/17/2026 07:15:30,31191,31187.732142857142857142857143,2.2696843033194494,66.464285714285714285714285714,28
03/17/2026 07:16:00,31194,31191.516129032258064516129032,0.6895986556913533,63.870967741935483870967741935,31
03/17/2026 07:16:30,31183.5,31189.760869565217391304347826,5.763207072940852,45.521739130434782608695652174,23
03/17/2026 07:17:00,31196,31193.055555555555555555555556,5.112318697923262,51.222222222222222222222222222,9
03/17/2026 07:17:30,31213.5,31212.833333333333333333333333,0.5270462766947299,25.296296296296296296296296296,27
03/17/2026 07:18:00,31218,31214.55,1.9032866310674281,22.9,30
03/17/2026 07:18:30,31218,31218,0,16,16
03/17/2026 07:19:00,31218,31218,0,16,10
03/17/2026 07:19:30,31189,31203.048387096774193548387097,14.656472113639694,27,31
03/17/2026 07:20:00,31212,31197.794871794871794871794872,8.465403157829465,43.282051282051282051282051282,39
03/17/2026 07:20:30,31217.5,31217.288888888888888888888889,0.9915694007699157,14.577777777777777777777777778,45
03/17/2026 07:21:00,31216.5,31216.521739130434782608695652,1.3061581639825914,13.043478260869565217391304348,23
03/17/2026 07:21:30,31212,31213.125,1.948557158514987,6.25,8
03/17/2026 07:22:00,31216.5,31215.115384615384615384615385,2.076923076923077,10.230769230769230769230769231,13
03/17/2026 07:22:30,31216.5,31216.5,0,13,6
03/17/2026 07:23:00,31194.5,31198.166666666666666666666667,8.198915917499228,49.666666666666666666666666667,12
03/17/2026 07:23:30,31194.5,31194.5,0,57,9
03/17/2026 07:24:00,31194.5,31194.5,0,57,16
03/17/2026 07:24:30,31196.5,31195.09375,0.887742044458862,55.8125,16
03/17/2026 07:25:00,31196.5,31196.5,0,53,1
03/17/2026 07:25:30,31196.5,31198.961538461538461538461538,2.28255540383966,48.076923076923076923076923077,13
03/17/2026 07:26:00,31196.5,31196.5,0,53,12
03/17/2026 07:26:30,31196.5,31196.5,0,53,4
03/17/2026 07:27:00,31206,31204.083333333333333333333333,3.396280645385805,37.833333333333333333333333333,12
03/17/2026 07:27:30,31206.5,31206.0625,0.16535945694153692,33.875,8
03/17/2026 07:28:00,31206.5,31206.5,0,33,5
03/17/2026 07:28:30,31206.5,31206.5,0,33,9
03/17/2026 07:29:00,31206.5,31206.5,0,33,6
03/17/2026 07:29:30,31206.5,31206.5,0,33,4
03/17/2026 07:30:00,31206.5,31206.5,0,33,19
03/17/2026 07:30:30,31206.5,31206.5,0,33,4
03/17/2026 07:31:00,31206.5,31206.5,0,33,2
03/17/2026 07:31:30,31206.5,31206.5,0,33,7
03/17/2026 07:32:00,31206,31206.433333333333333333333333,0.47842333648024415,32.866666666666666666666666667,15
03/17/2026 07:32:30,31206,31206,0,32,4
03/17/2026 07:33:00,31206,31206,0,32,5
03/17/2026 07:33:30,31206,31206,0,32,5
03/17/2026 07:34:00,31206,31206,0,32,2
03/17/2026 07:34:30,31206,31206,0,32,6
03/17/2026 07:35:00,31206,31206,0,32,3
03/17/2026 07:35:30,31206,31206,0,32,6
03/17/2026 07:36:00,31206,31206,0,32,16
03/17/2026 07:36:30,31206,31206,0,32,6
03/17/2026 07:37:00,31206,31206,0,32,3
03/17/2026 07:37:30,31206,31206,0,32,8
03/17/2026 07:38:00,31206,31206,0,32,4
03/17/2026 07:38:30,31206,31206,0,32,10
03/17/2026 07:39:00,31206,31206,0,32,6
03/17/2026 07:39:30,31206,31206,0,32,1
03/17/2026 07:40:00,31206,31206,0,32,3
03/17/2026 07:40:30,31206,31206,0,32,6
03/17/2026 07:41:00,31206,31206,0,32,6
03/17/2026 07:41:30,31206,31206,0,32,10
03/17/2026 07:42:00,31206,31206,0,32,1
03/17/2026 07:42:30,31206,31206,0,32,12
03/17/2026 07:43:00,31206,31206,0,32,8
03/17/2026 07:43:30,31206,31206,0,32,8
03/17/2026 07:44:00,31206,31206,0,32,6
03/17/2026 07:44:30,31193,31197.966666666666666666666667,6.885895406957293,47.311111111111111111111111111,45
03/17/2026 07:45:00,31199,31195.75,2.947456530637899,52.5,20
03/17/2026 07:45:30,31199,31199,0,46,4
03/17/2026 07:46:30,31202,31200.5,1.9639610121239315,43,21
03/17/2026 07:47:00,31202,31202,0,40,11
03/17/2026 07:47:30,31202,31202,0,40,2
03/17/2026 07:48:00,31197.5,31201.454545454545454545454545,2.2406831897938613,41.090909090909090909090909091,22
03/17/2026 07:48:30,31197.5,31197.5,0,49,3
03/17/2026 07:49:00,31197.5,31197.5,0,49,14
03/17/2026 07:49:30,31197.5,31197.5,0,49,19
03/17/2026 07:50:00,31198.5,31198.333333333333333333333333,0.44876373392787533,47.333333333333333333333333333,24
03/17/2026 07:50:30,31199.5,31199.136363636363636363636364,0.22268088570756164,45.727272727272727272727272727,11
03/17/2026 07:51:00,31199.5,31199.5,0,45,3
03/17/2026 07:51:30,31200.5,31199.981481481481481481481481,0.6006398051935872,44.037037037037037037037037037,27
03/17/2026 07:52:00,31200.5,31200.578947368421052631578947,0.18232113763882918,42.842105263157894736842105263,19
03/17/2026 07:52:30,31200.5,31200.5,0,43,4
03/17/2026 07:53:00,31200.5,31200.5,0,43,2
03/17/2026 07:53:30,31201,31200.666666666666666666666667,0.23570226039551584,42.666666666666666666666666667,6
03/17/2026 07:54:00,31201,31201,0,42,11
03/17/2026 07:54:30,31201,31201,0,42,6
03/17/2026 07:55:00,31201,31201,0,42,3
03/17/2026 07:55:30,31201.5,31201.409090909090909090909091,0.19284730395996752,41.181818181818181818181818182,11
03/17/2026 07:56:00,31202,31201.888888888888888888888889,0.20786985482077452,40.222222222222222222222222222,9
03/17/2026 07:56:30,31201.5,31201.547619047619047619047619,0.3417309546287458,40.904761904761904761904761905,21
03/17/2026 07:57:00,31203.5,31203.6,0.43588989435406733,36.8,10
03/17/2026 07:58:00,31210.5,31205.472222222222222222222222,3.630397216644108,33.055555555555555555555555556,18
03/17/2026 07:58:30,31210.5,31210.5,0,23,10
03/17/2026 07:59:00,31210.5,31210.5,0,23,9
03/17/2026 07:59:30,31210.5,31210.5,0,23,7
03/17/2026 08:00:00,31210.5,31210.5,0,23,17
03/17/2026 08:00:30,31210.5,31210.5,0,23,5
03/17/2026 08:01:00,31210.5,31210.5,0,23,9
03/17/2026 08:01:30,31210.5,31210.5,0,23,9
03/17/2026 08:02:00,31210.5,31210.5,0,23,7
03/17/2026 08:02:30,31210.5,31210.5,0,23,8
03/17/2026 08:03:00,31210.5,31210.5,0,23,2
03/17/2026 08:03:30,31210.5,31210.5,0,23,1
03/17/2026 08:04:00,31210.5,31210.5,0,23,2
03/17/2026 08:04:30,31210.5,31210.5,0,23,1
03/17/2026 08:05:00,31210.5,31210.5,0,23,5
03/17/2026 08:05:30,31210.5,31210.5,0,23,2
03/17/2026 08:06:00,31210.5,31210.5,0,23,1
03/17/2026 08:06:30,31210.5,31210.5,0,23,3
03/17/2026 08:07:00,31210.5,31210.5,0,23,5
03/17/2026 08:07:30,31210.5,31210.5,0,23,2
03/17/2026 08:08:00,31210.5,31210.5,0,23,4
03/17/2026 08:08:30,31210.5,31210.5,0,23,1
03/17/2026 08:09:30,31210.5,31210.5,0,23,6
03/17/2026 08:10:00,31211,31210.583333333333333333333333,0.18633899812498247,23.166666666666666666666666667,12
03/17/2026 08:10:30,31211,31211,0,24,3
03/17/2026 08:11:00,31211,31211,0,24,6
03/17/2026 08:11:30,31211,31211,0,24,7
03/17/2026 08:12:00,31211.5,31211.153846153846153846153846,0.23076923076923078,23.692307692307692307692307692,13
03/17/2026 08:12:30,31215,31212.64,1.7059894489708898,20.72,25
03/17/2026 08:13:00,31218,31217.925531914893617021276596,2.0985778452051034,13.553191489361702127659574468,47
03/17/2026 08:13:30,31213,31216.369565217391304347826087,1.745910696109675,17.260869565217391304347826087,23
03/17/2026 08:14:00,31213,31213,0,24,27
03/17/2026 08:14:30,31213,31213,0,24,27
03/17/2026 08:15:00,31213.5,31213.310810810810810810810811,0.24249133033684273,23.378378378378378378378378378,37
03/17/2026 08:15:30,31213.5,31213.5,0,23,35
03/17/2026 08:16:00,31213.5,31213.5,0,23,29
03/17/2026 08:16:30,31214,31213.652173913043478260869565,0.23006533139692092,22.695652173913043478260869565,23
03/17/2026 08:17:00,31212.5,31213.277777777777777777777778,0.8202679477907445,23.444444444444444444444444444,9
03/17/2026 08:17:30,31211.5,31211.75,0.25,24.666666666666666666666666667,12
03/17/2026 08:18:00,31211,31211.2,0.2449489742783178,24.4,20
03/17/2026 08:18:30,31205.5,31208.060606060606060606060606,2.1803446202363452,18.121212121212121212121212121,33
03/17/2026 08:19:00,31173.5,31183.013888888888888888888889,12.53549743678544,37.361111111111111111111111111,72
03/17/2026 08:19:30,31169.5,31170.081395348837209302325581,3.1400085775289073,38.162790697674418604651162791,43
03/17/2026 08:20:00,31173,31173.9,1.8814887722226779,44.466666666666666666666666667,15
03/17/2026 08:20:30,31174.5,31174.735294117647058823529412,1.2141039670911935,45.470588235294117647058823529,17
03/17/2026 08:21:00,31177,31176.958333333333333333333333,0.5936586186989586,49.916666666666666666666666667,12
03/17/2026 08:21:30,31177,31177.3,0.6,50.6,5
03/17/2026 08:22:00,31178.5,31178.159090909090909090909091,0.6286053039063332,52.318181818181818181818181818,22
03/17/2026 08:22:30,31171,31173.7,1.1224972160321824,43.4,25
03/17/2026 08:23:00,31173,31172.40625,0.8332682266233364,40.8125,16
03/17/2026 08:23:30,31177.5,31177.204545454545454545454545,1.0623632629563857,50.045454545454545454545454545,22
03/17/2026 08:24:00,31177.5,31177.5,0,51,11
03/17/2026 08:24:30,31174.5,31175.368421052631578947368421,1.3163156842526105,46.736842105263157894736842105,19
03/17/2026 08:25:00,31173,31173.75,0.6922186552431729,43.5,18
03/17/2026 08:25:30,31180,31176.529411764705882352941176,3.029126200132999,49.058823529411764705882352941,34
03/17/2026 08:26:00,31174,31174.204545454545454545454545,2.6869173402597313,44.409090909090909090909090909,22
03/17/2026 08:26:30,31172.5,31172.607142857142857142857143,0.6860490254392337,41.214285714285714285714285714,14
03/17/2026 08:27:00,31172.5,31173.1875,1.818954026356906,42.375,8
03/17/2026 08:27:30,31172.5,31172.153846153846153846153846,0.6319875663521147,40.307692307692307692307692308,13
03/17/2026 08:28:00,31172.5,31172.5,0,41,17
03/17/2026 08:28:30,31169.5,31170.4,0.7348469228349535,36.8,10
03/17/2026 08:29:00,31169.5,31169.5,0,35,2
03/17/2026 08:29:30,31171,31170.571428571428571428571429,0.6776309271789385,37.142857142857142857142857143,7
03/17/2026 08:30:00,31173,31173.25,1.8200274723201295,42.5,18
03/17/2026 08:30:30,31173,31173,0,42,7
03/17/2026 08:31:00,31173,31173,0,42,11
03/17/2026 08:31:30,31171.5,31171.5,0,39,3
03/17/2026 08:32:00,31171.5,31171.5,0,39,7
03/17/2026 08:32:30,31169,31169.3125,0.8267972847076845,34.625,8
03/17/2026 08:33:00,31168,31168,0,32,6
03/17/2026 08:33:30,31168,31168,0,32,8
03/17/2026 08:34:00,31170,31169.714285714285714285714286,0.524890659167824,35.428571428571428571428571429,14
03/17/2026 08:34:30,31170,31170.894736842105263157894737,0.6086859740115989,37.789473684210526315789473684,38
03/17/2026 08:35:00,31168.5,31168.785714285714285714285714,0.6998542122237652,33.571428571428571428571428571,7
03/17/2026 08:35:30,31169,31168.875,0.21650635094610965,33.75,4
03/17/2026 08:36:00,31177,31174.431818181818181818181818,2.505881511316992,44.863636363636363636363636364,22
03/17/2026 08:36:30,31176,31177.166666666666666666666667,1.178511301977579,50.333333333333333333333333333,9
03/17/2026 08:37:00,31179.5,31178.434782608695652173913043,1.2879402820520542,52.869565217391304347826086957,23
03/17/2026 08:37:30,31177.5,31179.066666666666666666666667,0.8137703743822469,53.2,45
03/17/2026 08:38:00,31180.5,31179.74,0.8380930735902785,53.08,25
03/17/2026 08:38:30,31188.5,31183.42,3.202124294901745,55.4,25
03/17/2026 08:39:00,31192.5,31190.709677419354838709677419,1.5490589940055446,64.322580645161290322580645161,31
03/17/2026 08:39:30,31193.5,31193.338709677419354838709677,0.7338266558759565,60.548387096774193548387096774,31
03/17/2026 08:40:00,31188.5,31190.583333333333333333333333,1.2850637684134156,47.433333333333333333333333333,30
03/17/2026 08:40:30,31189.5,31190.065217391304347826086957,0.9475867268566682,44.130434782608695652173913043,23
03/17/2026 08:41:00,31193,31191.424242424242424242424242,1.0668646510475117,46.848484848484848484848484848,33
03/17/2026 08:41:30,31190,31191.581395348837209302325581,1.1635462661479081,47.162790697674418604651162791,86
03/17/2026 08:42:00,31189.5,31190.837209302325581395348837,1.1896888895282478,45.674418604651162790697674419,43
03/17/2026 08:42:30,31192.5,31191.372881355932203389830508,1.1183872329710929,46.745762711864406779661016949,59
03/17/2026 08:43:00,31191,31192.255813953488372093023256,0.6851590633793597,48.511627906976744186046511628,43
03/17/2026 08:43:30,31192.5,31191.66,0.5607138307550474,47.32,25
03/17/2026 08:44:00,31189,31190.846153846153846153846154,1.2616322666812865,45.692307692307692307692307692,13
03/17/2026 08:44:30,31193,31188.458333333333333333333333,1.5337635266088303,40.916666666666666666666666667,12
03/17/2026 08:45:00,31194,31193.455882352941176470588235,0.44337686563768636,50.911764705882352941176470588,34
03/17/2026 08:45:30,31194.5,31194.04,0.4882622246293481,52.08,25
03/17/2026 08:46:00,31194.5,31194.285714285714285714285714,0.24743582965269675,52.571428571428571428571428571,7
03/17/2026 08:46:30,31194.5,31194.5,0,53,4
03/17/2026 08:47:00,31194,31194.214285714285714285714286,0.524890659167824,52.428571428571428571428571429,7
03/17/2026 08:48:00,31194,31194,0,52,7
03/17/2026 08:48:30,31193,31193.625,0.649519052838329,51.25,4
03/17/2026 08:49:00,31194.5,31193.75,0.75,51.5,6
03/17/2026 08:49:30,31195,31194.75,0.30618621784789724,53.5,16
03/17/2026 08:50:00,31195,31195,0,54,12
03/17/2026 08:50:30,31196,31195.6,0.4898979485566356,55.2,20
03/17/2026 08:51:00,31196,31196,0,56,6
03/17/2026 08:51:30,31196,31196,0,56,12
03/17/2026 08:52:00,31193.5,31194.958333333333333333333333,0.6601241465731191,53.916666666666666666666666667,12
03/17/2026 08:52:30,31193,31193.125,0.21650635094610965,50.25,4
03/17/2026 08:53:00,31193,31193,0,50,8
03/17/2026 08:53:30,31192.5,31192.666666666666666666666667,0.23570226039551584,49.333333333333333333333333333,12
03/17/2026 08:54:00,31193.5,31193.176470588235294117647059,0.49826689253227696,50.352941176470588235294117647,34
03/17/2026 08:54:30,31189,31191.153846153846153846153846,1.5777046218374524,44.923076923076923076923076923,39
03/17/2026 08:55:00,31181,31181.550847457627118644067797,4.0208091301971285,25.10169491525423728813559322,59
03/17/2026 08:55:30,31174.5,31175.783783783783783783783784,2.2766159705964624,14.486486486486486486486486486,37
03/17/2026 08:56:00,31160,31161.57,6.851284551089671,13.18,50
03/17/2026 08:56:30,31162.5,31161.214285714285714285714286,1.8098370656171325,22.428571428571428571428571429,35
03/17/2026 08:57:00,31162,31163.558823529411764705882353,1.7253787842819581,7.5098039215686274509803921569,51
03/17/2026 08:57:30,31162,31162.421052631578947368421053,1.5998614898495436,3.1578947368421052631578947368,38
03/17/2026 08:58:00,31156,31159.0,2.8968762299918667,9.891891891891891891891891892,37
03/17/2026 08:58:30,31151.5,31153.567567567567567567567568,1.2256391722565654,7.1351351351351351351351351351,37
03/17/2026 08:59:00,31151.5,31151.5,0,3,41
03/17/2026 08:59:30,31152.5,31152.982142857142857142857143,1.2781274169180281,4.9642857142857142857142857143,28
03/17/2026 09:00:00,31137,31146.090909090909090909090909,6.851735618931566,9.909090909090909090909090909,66
03/17/2026 09:00:30,31131,31134.27,2.3816170976880393,22.78,50
03/17/2026 09:01:00,31130.5,31130.5,0,15,27
03/17/2026 09:01:30,31130.5,31130.5,0,15,31
03/17/2026 09:02:00,31130.5,31130.5,0,15,26
03/17/2026 09:02:30,31130.5,31130.5,0,15,40
03/17/2026 09:03:00,31134,31131.607142857142857142857143,1.8509512171214197,17.214285714285714285714285714,56
03/17/2026 09:03:30,31132.5,31133.984375,1.2214513331995671,21.96875,32
03/17/2026 09:04:00,31133,31134.423076923076923076923077,1.1409536133993328,22.846153846153846153846153846,26
03/17/2026 09:04:30,31132.5,31132.142857142857142857142857,0.5802884574739972,18.285714285714285714285714286,77
03/17/2026 09:05:00,31127,31129.126436781609195402298851,1.8970915288915136,13.44827586206896551724137931,87
03/17/2026 09:05:30,31136,31130.3203125,3.3487021593960473,12.921875,64
03/17/2026 09:06:00,31131.5,31132.586206896551724137931034,1.7693217359965028,15.793103448275862068965517241,58
03/17/2026 09:06:30,31131.5,31131.467213114754098360655738,0.12376777762738934,13.06557377049180327868852459,61
03/17/2026 09:07:00,31138,31131.217741935483870967741935,1.3518832973048145,13.435483870967741935483870968,62
03/17/2026 09:07:30,31133.5,31135.127659574468085106382979,3.7152189665236204,20.255319148936170212765957447,47
03/17/2026 09:08:00,31134,31134.508771929824561403508772,0.9527947261027729,19.01754385964912280701754386,57
03/17/2026 09:08:30,31133,31133.8125,0.3903123748998999,17.625,48
03/17/2026 09:09:00,31131.5,31132.118181818181818181818182,0.5390533483772216,14.345454545454545454545454545,55
03/17/2026 09:09:30,31131,31131.328571428571428571428571,0.23733211036908786,12.657142857142857142857142857,35
03/17/2026 09:10:00,31147,31144.981132075471698113207547,11.856039884264604,36.716981132075471698113207547,53
03/17/2026 09:10:30,31167.5,31167.111111111111111111111111,8.768982935802478,21.456790123456790123456790123,81
03/17/2026 09:11:00,31201.5,31186.618644067796610169491525,9.590487422905337,24.728813559322033898305084746,59
03/17/2026 09:11:30,31200,31201.254716981132075471698113,2.293597819504581,26.132075471698113207547169811,53
03/17/2026 09:12:00,31208,31203.739583333333333333333333,2.8722624345723626,23.6875,48
03/17/2026 09:12:30,31202,31203.378378378378378378378378,2.6262845130176378,25.243243243243243243243243243,37
03/17/2026 09:13:00,31195,31200.388888888888888888888889,6.10454192374542,19.311111111111111111111111111,45
03/17/2026 09:13:30,31199,31195.361111111111111111111111,1.1072850793330415,21.12962962962962962962962963,54
03/17/2026 09:14:00,31198.5,31198.671428571428571428571429,0.23733211036908786,29.342857142857142857142857143,35
03/17/2026 09:14:30,31198.5,31198.5,0,29,16
03/17/2026 09:15:00,31198.5,31198.5,0,29,21
03/17/2026 09:15:30,31213,31207.398148148148148148148148,5.046432210198231,30.648148148148148148148148148,54
03/17/2026 09:16:00,31220,31215.2,3.113411847689498,17.6,30
03/17/2026 09:16:30,31221.5,31221.183673469387755102040816,0.43675376651087133,9.306122448979591836734693878,49
03/17/2026 09:17:00,31195.5,31202.123188405797101449275362,13.339601551178857,44.275362318840579710144927536,69
03/17/2026 09:17:30,31192.5,31192.666666666666666666666667,0.6236095644623235,64.666666666666666666666666667,24
03/17/2026 09:18:00,31199.5,31198.916666666666666666666667,0.8498365855987975,52.166666666666666666666666667,24
03/17/2026 09:18:30,31192.5,31193.529411764705882352941176,1.5191966553111715,62.941176470588235294117647059,17
03/17/2026 09:19:00,31193.5,31193.511363636363636363636364,1.9261615042607065,62.795454545454545454545454545,44
03/17/2026 09:19:30,31196.5,31194.026315789473684210526316,0.8187552203212656,61.947368421052631578947368421,19
03/17/2026 09:20:00,31198.5,31196.362068965517241379310345,1.851823666496214,57.275862068965517241379310345,29
03/17/2026 09:20:30,31198,31198.5,0.4472135954999579,53,15
03/17/2026 09:21:00,31198,31197.5,0.806225774829855,55,10
03/17/2026 09:21:30,31202,31199.375,1.6472831167308997,51.25,12
03/17/2026 09:22:00,31197.5,31199.515151515151515151515152,1.345502319654141,50.96969696969696969696969697,33
03/17/2026 09:22:30,31198,31197.545454545454545454545455,0.14373989364401724,54.909090909090909090909090909,11
03/17/2026 09:23:00,31199,31198.8125,0.24206145913796356,52.375,8
03/17/2026 09:23:30,31200,31200.033333333333333333333333,0.28674417556808757,49.933333333333333333333333333,15
03/17/2026 09:24:00,31199,31199.5,0.6123724356957945,51,4
03/17/2026 09:24:30,31199,31199,0,52,16
03/17/2026 09:25:00,31199,31199,0,52,12
03/17/2026 09:25:30,31199,31199,0,52,10
03/17/2026 09:26:00,31200,31199.636363636363636363636364,0.48104569292083466,50.727272727272727272727272727,11
03/17/2026 09:26:30,31200,31200,0,50,8
03/17/2026 09:27:00,31200,31200,0,50,10
03/17/2026 09:27:30,31200,31200,0,50,15
03/17/2026 09:28:00,31199,31199.875,0.2795084971874737,50.25,16
03/17/2026 09:28:30,31199,31199,0,52,19
03/17/2026 09:29:00,31199,31199,0,52,13
03/17/2026 09:29:30,31199,31199,0,52,15
03/17/2026 09:30:00,31202,31199.454545454545454545454545,1.0756508696544755,51.090909090909090909090909091,33
03/17/2026 09:30:30,31199,31199,0,52,11
03/17/2026 09:31:00,31198.5,31198.5,0,51,7
03/17/2026 09:31:30,31198.5,31198.5,0,51,5
03/17/2026 09:32:00,31198.5,31198.5,0,51,3
03/17/2026 09:32:30,31198.5,31198.5,0,51,5
03/17/2026 09:33:00,31198.5,31198.5,0,51,5
03/17/2026 09:33:30,31198.5,31198.5,0,51,1
03/17/2026 09:34:00,31198.5,31198.5,0,51,7
03/17/2026 09:34:30,31204,31202.194444444444444444444444,2.1547034398218807,43.611111111111111111111111111,18
03/17/2026 09:35:00,31206,31205.730769230769230769230769,0.541201818441165,36.538461538461538461538461538,13
03/17/2026 09:35:30,31206,31206,0,36,7
03/17/2026 09:36:00,31203.5,31205.166666666666666666666667,0.7453559924999299,35.666666666666666666666666667,6
03/17/2026 09:36:30,31203.5,31203.5,0,39,5
03/17/2026 09:37:00,31203.5,31203.6,0.2,39.2,5
03/17/2026 09:38:00,31203.5,31203.5,0,39,9
03/17/2026 09:38:30,31203.5,31203.5,0,39,3
03/17/2026 09:39:00,31203.5,31203.5,0,39,6
03/17/2026 09:39:30,31204,31203.944444444444444444444444,0.15713484026367722,38.111111111111111111111111111,9
03/17/2026 09:40:00,31207.5,31206.722222222222222222222222,1.4550889837454217,32.555555555555555555555555556,9
03/17/2026 09:40:30,31207.5,31207.5,0,31,2
03/17/2026 09:41:00,31207.5,31207.5,0,31,11
03/17/2026 09:41:30,31207.5,31207.5,0,31,5
03/17/2026 09:42:00,31207.5,31207.5,0,31,7
03/17/2026 09:42:30,31203.5,31203.59375,1.0340870067358936,38.1875,16
03/17/2026 09:43:00,31203.5,31203.5,0,39,3
03/17/2026 09:43:30,31203.5,31203.5,0,39,8
03/17/2026 09:44:00,31203.5,31203.5,0,39,3
03/17/2026 09:44:30,31203,31203,0,38,5
03/17/2026 09:45:00,31203,31203.115384615384615384615385,0.2106625221173716,37.769230769230769230769230769,13
03/17/2026 09:45:30,31203,31203,0,38,5
03/17/2026 09:46:00,31203,31203,0,38,1
03/17/2026 09:46:30,31203.5,31203.3,0.2449489742783178,37.4,5
03/17/2026 09:47:00,31203,31203.166666666666666666666667,0.23570226039551584,37.666666666666666666666666667,6
03/17/2026 09:47:30,31201,31201.833333333333333333333333,1.0865337342004415,40.333333333333333333333333333,24
03/17/2026 09:48:00,31201,31200.8125,0.24206145913796356,42.375,16
03/17/2026 09:48:30,31201,31201,0,42,5
03/17/2026 09:49:00,31201,31201,0,42,2
03/17/2026 09:49:30,31201,31201,0,42,3
03/17/2026 09:50:00,31201,31201,0,42,31
03/17/2026 09:50:30,31201,31201,0,42,9
03/17/2026 09:51:00,31201,31201,0,42,16
03/17/2026 09:51:30,31201,31201,0,42,5
03/17/2026 09:52:00,31202,31201.2,0.4,41.6,5
03/17/2026 09:52:30,31201.5,31201.5,0,41,5
03/17/2026 09:53:00,31203,31203.652173913043478260869565,1.722200201768553,36.695652173913043478260869565,23
03/17/2026 09:53:30,31202,31202.035714285714285714285714,0.9813308331452919,39.928571428571428571428571429,28
03/17/2026 09:54:00,31207.5,31205.3125,1.7842628029525247,32,16
03/17/2026 09:54:30,31212,31210.852941176470588235294118,1.8924362284876957,24.529411764705882352941176471,17
03/17/2026 09:55:00,31214,31214.447368421052631578947368,1.2449343339489338,18.684210526315789473684210526,19
03/17/2026 09:55:30,31211,31212.636363636363636363636364,0.77138921583987,20.727272727272727272727272727,44
03/17/2026 09:56:00,31211,31211,0,24,16
03/17/2026 09:56:30,31211,31211,0,24,3
03/17/2026 09:57:00,31210,31210.4,0.2,24.8,15
03/17/2026 09:57:30,31206.5,31207.5,1.35400640077266,28.333333333333333333333333333,9
03/17/2026 09:58:00,31202,31203.852941176470588235294118,2.2146883055313764,34.294117647058823529411764706,17
03/17/2026 09:58:30,31201,31201.3,0.45825756949558405,39.4,10
03/17/2026 09:59:00,31200.5,31200.394736842105263157894737,0.20384122874775878,41.210526315789473684210526316,38
03/17/2026 09:59:30,31200,31200.75,0.5036630526336385,40.5,34
03/17/2026 10:00:00,31200.5,31200.276595744680851063829787,0.24858130735208347,41.446808510638297872340425532,47
03/17/2026 10:00:30,31200.5,31200.5,0,41,12
03/17/2026 10:01:00,31200.5,31200.5,0,41,6
03/17/2026 10:01:30,31200.5,31200.5,0,41,14
03/17/2026 10:02:00,31200.5,31200.5,0,41,9
03/17/2026 10:02:30,31200.5,31200.5,0,41,15
03/17/2026 10:03:00,31200.5,31200.5,0,41,7
03/17/2026 10:03:30,31200.5,31200.5,0,41,24
03/17/2026 10:04:00,31200.5,31200.5,0,41,11
03/17/2026 10:04:30,31200.5,31200.5,0,41,18
03/17/2026 10:05:00,31200.5,31200.5,0,41,18
03/17/2026 10:05:30,31200.5,31200.5,0,41,8
03/17/2026 10:06:00,31210,31204.103448275862068965517241,3.792868331271084,34.482758620689655172413793103,29
03/17/2026 10:06:30,31208.5,31207.447368421052631578947368,1.179816409024205,29.105263157894736842105263158,19
03/17/2026 10:07:00,31211,31209.555555555555555555555556,1.3047870078301935,24.888888888888888888888888889,45
03/17/2026 10:07:30,31211,31210.767857142857142857142857,0.2493614293530168,22.464285714285714285714285714,28
03/17/2026 10:08:00,31204.5,31206.448275862068965517241379,1.8952973908498338,30.275862068965517241379310345,29
03/17/2026 10:08:30,31205.5,31205.686274509803921568627451,0.8222445625985002,30.627450980392156862745098039,51
03/17/2026 10:09:00,31208,31206.86,1.3917854240746548,28.28,75
03/17/2026 10:09:30,31205.5,31204.967391304347826086956522,1.4759012497639603,32.065217391304347826086956522,46
03/17/2026 10:10:00,31212.5,31208.947368421052631578947368,3.0430885316786873,24.105263157894736842105263158,19
03/17/2026 10:10:30,31212.5,31212.5,0,17,23
03/17/2026 10:11:00,31207,31208.657894736842105263157895,2.3286128216451516,24.684210526315789473684210526,19
03/17/2026 10:11:30,31207,31207,0,28,7
03/17/2026 10:12:00,31210.5,31210.204545454545454545454545,0.5147614387684601,21.590909090909090909090909091,22
03/17/2026 10:12:30,31209.5,31210.071428571428571428571429,0.4948716593053935,21.857142857142857142857142857,7
03/17/2026 10:13:00,31214.5,31211.375,2.4206145913796355,19.25,8
03/17/2026 10:13:30,31215,31215,0,12,8
03/17/2026 10:14:00,31215,31215,0,12,4
03/17/2026 10:14:30,31215,31215,0,12,3
03/17/2026 10:15:00,31215,31215,0,12,11
03/17/2026 10:16:00,31215,31215,0,12,3
03/17/2026 10:16:30,31214.5,31214.857142857142857142857143,0.22587697572631282,12.285714285714285714285714286,7
03/17/2026 10:17:00,31210,31210.863636363636363636363636,0.77138921583987,20.272727272727272727272727273,22
03/17/2026 10:17:30,31210,31209.85,0.22912878474779202,22.3,10
03/17/2026 10:18:00,31210,31210,0,22,5
03/17/2026 10:18:30,31210,31210,0,22,12
03/17/2026 10:19:00,31209.5,31209.5,0,23,14
03/17/2026 10:19:30,31215,31213.761904761904761904761905,1.836268522348461,17.428571428571428571428571429,21
03/17/2026 10:20:00,31221,31218.527777777777777777777778,2.463467645313446,11.833333333333333333333333333,18
03/17/2026 10:20:30,31221,31221,0,10,5
03/17/2026 10:21:00,31220.5,31220.625,0.21650635094610965,9.25,4
03/17/2026 10:21:30,31220.5,31220.5,0,9,2
03/17/2026 10:22:00,31220.5,31220.5,0,9,3
03/17/2026 10:22:30,31215.5,31214.970588235294117647058824,1.4498538286901455,17.941176470588235294117647059,17
03/17/2026 10:23:00,31215.5,31215.5,0,19,2
03/17/2026 10:23:30,31212.5,31213.611111111111111111111111,1.0999438818457405,22.777777777777777777777777778,9
03/17/2026 10:24:00,31212.5,31212.5,0,25,2
03/17/2026 10:24:30,31212.5,31212.5,0,25,5
03/17/2026 10:25:00,31212.5,31212.5,0,25,4
03/17/2026 10:25:30,31208.5,31207.289473684210526315789474,0.5692975698101036,35.421052631578947368421052632,19
03/17/2026 10:26:00,31211.5,31210.25,0.9682458365518543,29.5,8
03/17/2026 10:27:00,31212,31211.875,0.21650635094610965,26.25,4
03/17/2026 10:27:30,31212,31212,0,26,10
03/17/2026 10:28:00,31213,31212.571428571428571428571429,0.4948716593053935,24.857142857142857142857142857,7
03/17/2026 10:28:30,31217.5,31217.290322580645161290322581,2.5989271780076657,16.967741935483870967741935484,31
03/17/2026 10:29:00,31218.5,31218.152173913043478260869565,0.3740141420453316,15.695652173913043478260869565,23
03/17/2026 10:29:30,31218.5,31218.5,0,15,9
03/17/2026 10:30:00,31218,31218.382352941176470588235294,0.21209125149788172,14.764705882352941176470588235,17
03/17/2026 10:30:30,31218,31218,0,14,9
03/17/2026 10:31:00,31218,31218,0,14,1
03/17/2026 10:31:30,31218,31218,0,14,6
03/17/2026 10:32:00,31218,31218,0,14,8
03/17/2026 10:32:30,31218,31218,0,14,10
03/17/2026 10:33:00,31218,31218,0,14,4
03/17/2026 10:33:30,31218,31218,0,14,9
03/17/2026 10:34:00,31218,31218,0,14,7
03/17/2026 10:34:30,31218,31218,0,14,57
03/17/2026 10:35:00,31218,31218,0,14,3
03/17/2026 10:35:30,31218,31218,0,14,4
03/17/2026 10:36:00,31216,31217.5,1.224744871391589,15,5
03/17/2026 10:36:30,31216,31216,0,18,4
03/17/2026 10:37:00,31216,31216,0,18,2
03/17/2026 10:37:30,31216,31216,0,18,1
03/17/2026 10:38:00,31216,31215.807692307692307692307692,0.24325212770525995,16.692307692307692307692307692,13
03/17/2026 10:38:30,31216,31216,0,16,6
03/17/2026 10:39:00,31216,31216,0,16,10
03/17/2026 10:39:30,31216,31216,0,16,3
03/17/2026 10:40:00,31216,31216,0,16,18
03/17/2026 10:40:30,31216.5,31216.2,0.24494897427831783,16.4,15
03/17/2026 10:41:00,31216.5,31216.566666666666666666666667,0.16996731711975951,17.133333333333333333333333333,15
03/17/2026 10:41:30,31216.5,31216.5,0,17,11
03/17/2026 10:42:00,31216.5,31216.5,0,17,1
03/17/2026 10:42:30,31216.5,31216.5,0,17,2
03/17/2026 10:43:00,31216.5,31216.5,0,17,11
03/17/2026 10:43:30,31216.5,31216.5,0,17,12
03/17/2026 10:44:00,31216.5,31216.875,0.21650635094610965,17.75,8
03/17/2026 10:44:30,31216.5,31216.5,0,17,69
03/17/2026 10:45:00,31216.5,31216.5,0,17,12
03/17/2026 10:45:30,31216.5,31216.5,0,17,20
03/17/2026 10:46:00,31216.5,31216.5,0,17,3
03/17/2026 10:46:30,31216.5,31216.5,0,17,5
03/17/2026 10:47:00,31216.5,31216.5,0,17,7
03/17/2026 10:47:30,31216.5,31216.5,0,17,4
03/17/2026 10:48:00,31217,31216.769230769230769230769231,0.24925925763107154,17.538461538461538461538461538,13
03/17/2026 10:48:30,31217,31217,0,18,7
03/17/2026 10:49:00,31217,31217,0,18,3
03/17/2026 10:49:30,31217,31217,0,18,10
03/17/2026 10:50:00,31217,31217,0,18,8
03/17/2026 10:50:30,31217,31217,0,18,11
03/17/2026 10:51:00,31217,31217,0,18,8
03/17/2026 10:51:30,31217,31217,0,18,9
03/17/2026 10:52:00,31216.5,31216.875,0.21650635094610965,17.75,16
03/17/2026 10:52:30,31216.5,31216.5,0,17,7
03/17/2026 10:53:00,31217,31216.55,0.15,16.9,10
03/17/2026 10:53:30,31217,31217,0,16,24
03/17/2026 10:54:00,31227.5,31226.64516129032258064516129,3.844127377775882,16.709677419354838709677419355,31
03/17/2026 10:54:30,31227.5,31227.5,0,37,5
03/17/2026 10:55:00,31227.5,31227.5,0,37,7
03/17/2026 10:55:30,31227.5,31227.5,0,37,5
03/17/2026 10:56:00,31227.5,31227.5,0,37,6
03/17/2026 10:56:30,31227.5,31227.5,0,37,7
03/17/2026 10:57:00,31227.5,31227.5,0,37,1
03/17/2026 10:57:30,31227.5,31227.5,0,37,2
03/17/2026 10:58:00,31227.5,31227.5,0,37,1
03/17/2026 10:58:30,31227.5,31227.5,0,37,7
03/17/2026 10:59:00,31227.5,31227.5,0,37,8
03/17/2026 10:59:30,31227.5,31227.5,0,37,6
03/17/2026 11:04:00,31227.5,31227.5,0,37,1
03/17/2026 11:05:00,31227.5,31227.5,0,37,16
03/17/2026 11:05:30,31227.5,31227.5,0,37,10
03/17/2026 11:06:00,31227.5,31227.5,0,37,2
03/17/2026 11:07:00,31227.5,31227.5,0,37,16
03/17/2026 11:07:30,31227.5,31227.5,0,37,5
03/17/2026 11:08:00,31227.5,31227.5,0,37,6
03/17/2026 11:08:30,31228,31227.6,0.2,36.8,15
03/17/2026 11:09:00,31228,31228,0,36,6
03/17/2026 11:10:00,31228,31228,0,36,5
03/17/2026 11:10:30,31228,31228,0,36,2
03/17/2026 11:11:00,31228,31228,0,36,5
03/17/2026 11:11:30,31228,31228,0,36,5
03/17/2026 11:12:00,31228,31228,0,36,14
03/17/2026 11:12:30,31228,31228,0,36,9
03/17/2026 11:13:00,31229.5,31228.708333333333333333333333,0.43100335136619167,35.25,24
03/17/2026 11:13:30,31230,31229.727272727272727272727273,0.24896479886598458,33.454545454545454545454545455,11
03/17/2026 11:14:00,31234.5,31232.957142857142857142857143,3.165373885773163,28.085714285714285714285714286,35
03/17/2026 11:14:30,31246.5,31242.515151515151515151515152,4.190510290190763,13.878787878787878787878787879,66
03/17/2026 11:15:00,31266,31262.042105263157894736842105,6.1373160420045165,29.031578947368421052631578947,95
03/17/2026 11:15:30,31270.5,31266.871621621621621621621622,1.112158878192912,24.256756756756756756756756757,74
03/17/2026 11:16:00,31274,31271.975609756097560975609756,1.5848029019261667,14.048780487804878048780487805,41
03/17/2026 11:16:30,31271.5,31271.703125,0.6105757400806225,14.78125,32
03/17/2026 11:17:00,31263.5,31267.096774193548387096774194,3.9968119449387403,23.806451612903225806451612903,31
03/17/2026 11:17:30,31263,31263.647058823529411764705882,0.6589810736002376,30.705882352941176470588235294,34
03/17/2026 11:18:00,31263,31263.875,1.177353266562638,30.25,28
03/17/2026 11:18:30,31266.5,31265.543478260869565217391304,0.6579454761052851,27.434782608695652173913043478,23
03/17/2026 11:19:00,31271.5,31269.705882352941176470588235,1.4858036400370693,20.588235294117647058823529412,17
03/17/2026 11:19:30,31273.5,31272.944444444444444444444444,0.926296222251837,14.111111111111111111111111111,27
03/17/2026 11:20:00,31272,31273.350877192982456140350877,1.9689807503997472,13.298245614035087719298245614,57
03/17/2026 11:20:30,31272,31272,0,16,33
03/17/2026 11:21:00,31272,31272.02,0.13999999999999999,15.96,50
03/17/2026 11:21:30,31272,31272.064516129032258064516129,0.24567010018915833,15.870967741935483870967741935,31
03/17/2026 11:22:00,31272,31272,0,16,16
03/17/2026 11:22:30,31272,31272,0,16,22
03/17/2026 11:23:00,31272,31272,0,16,17
03/17/2026 11:23:30,31272,31272,0,16,25
03/17/2026 11:24:00,31273.5,31272.66,0.5043808085167397,14.68,25
03/17/2026 11:24:30,31275,31274.441176470588235294117647,0.4814913395219088,11.117647058823529411764705882,17
03/17/2026 11:25:00,31275,31274.730769230769230769230769,0.24925925763107154,10.538461538461538461538461538,13
03/17/2026 11:25:30,31279,31277.287878787878787878787879,1.6878815080768026,5.4242424242424242424242424242,33
03/17/2026 11:26:00,31274.5,31275.785714285714285714285714,2.032892781536815,8.428571428571428571428571429,28
03/17/2026 11:26:30,31274.5,31274.5,0,11,13
03/17/2026 11:27:00,31274.5,31275.3,0.714142842854285,9.4,20
03/17/2026 11:27:30,31275,31274.64,0.22449944320643647,10.72,25
03/17/2026 11:28:00,31275,31274.818181818181818181818182,0.24052284646041733,10.363636363636363636363636364,11
03/17/2026 11:28:30,31272,31273.8,1.1874342087037917,12.4,10
03/17/2026 11:29:00,31272,31272,0,16,29
03/17/2026 11:29:30,31279.5,31275.321428571428571428571429,2.7393113241492366,9.357142857142857142857142857,28
03/17/2026 11:30:00,31276,31279.007575757575757575757576,1.2416155904964388,1.9848484848484848484848484848,66
03/17/2026 11:30:30,31276,31276,0,8,10
03/17/2026 11:31:00,31254.5,31256.833333333333333333333333,6.778233135887585,46.333333333333333333333333333,18
03/17/2026 11:31:30,31254,31254.115384615384615384615385,0.2106625221173716,50.230769230769230769230769231,13
03/17/2026 11:32:00,31254,31267.26,10.813990937669589,23.48,25
03/17/2026 11:32:30,31254,31254.038461538461538461538462,0.13323467750529824,50.076923076923076923076923077,13
03/17/2026 11:33:00,31254,31254.38,0.2135415650406262,49.24,25
03/17/2026 11:33:30,31254,31254,0,50,18
03/17/2026 11:34:00,31254,31260.3,5.143928459844674,37.4,25
03/17/2026 11:34:30,31264.5,31259.25,5.25,39.5,14
03/17/2026 11:35:00,31265,31264.972222222222222222222222,0.1145307118227128,28.055555555555555555555555556,18
03/17/2026 11:35:30,31265.5,31265.260869565217391304347826,0.2497635933277404,27.478260869565217391304347826,23
03/17/2026 11:36:00,31265.5,31265.5,0,27,17
03/17/2026 11:36:30,31265.5,31265.4375,0.16535945694153692,27.125,16
03/17/2026 11:37:00,31265,31265.134615384615384615384615,0.22178004989751532,27.730769230769230769230769231,26
03/17/2026 11:37:30,31265.5,31265.5,0,27,11
03/17/2026 11:38:00,31265.5,31265.5,0,27,11
03/17/2026 11:38:30,31265.5,31265.5,0,27,30
03/17/2026 11:39:00,31265.5,31265.5,0,27,51
03/17/2026 11:39:30,31265.5,31265.5,0,27,4
03/17/2026 11:40:00,31265.5,31265.5,0,27,13
03/17/2026 11:40:30,31265.5,31265.5,0,27,6
03/17/2026 11:41:00,31265.5,31265.5,0,27,4
03/17/2026 11:41:30,31265.5,31265.5,0,27,6
03/17/2026 11:42:00,31266.5,31267.714285714285714285714286,3.887775188763793,23.285714285714285714285714286,28
03/17/2026 11:42:30,31266.5,31266.383333333333333333333333,0.21147629234082535,26.766666666666666666666666667,30
03/17/2026 11:43:00,31266.5,31266.5,0,27,17
03/17/2026 11:43:30,31266,31266.480769230769230769230769,0.09615384615384616,26.961538461538461538461538462,26
03/17/2026 11:44:00,31266,31266,0,26,16
03/17/2026 11:44:30,31266,31266,0,26,26
03/17/2026 11:45:00,31266,31266,0,26,68
03/17/2026 11:45:30,31266,31266.044117647058823529411765,0.14181839354401404,26.088235294117647058823529412,34
03/17/2026 11:46:00,31266.5,31266.231707317073170731707317,0.24932985732025456,26.463414634146341463414634146,41
03/17/2026 11:46:30,31266.5,31266.5,0,27,21
03/17/2026 11:47:00,31266.5,31266.637931034482758620689655,0.3448275862068966,26.724137931034482758620689655,29
03/17/2026 11:47:30,31266.5,31266.4375,0.16535945694153692,26.875,16
03/17/2026 11:48:00,31266.5,31266.5,0,27,10
03/17/2026 11:48:30,31266,31266.083333333333333333333333,0.18633899812498247,26.166666666666666666666666667,30
03/17/2026 11:49:00,31266,31266,0,26,16
03/17/2026 11:49:30,31266,31266,0,26,13
03/17/2026 11:50:00,31266,31266,0,26,15
03/17/2026 11:50:30,31266,31266,0,26,1
03/17/2026 11:51:00,31267.5,31266.229166666666666666666667,0.6120179508986826,25.541666666666666666666666667,24
03/17/2026 11:51:30,31266.5,31266.34375,0.23175620272173947,25.3125,32
03/17/2026 11:52:00,31269.5,31269.075,0.2861380785564899,19.85,20
03/17/2026 11:52:30,31269,31269.314814814814814814814815,0.24145194093343145,19.37037037037037037037037037,27
03/17/2026 11:53:00,31266.5,31267.807692307692307692307692,1.2015768732164083,22.615384615384615384615384615,26
03/17/2026 11:53:30,31266.5,31266.636363636363636363636364,0.22268088570756164,25.272727272727272727272727273,11
03/17/2026 11:54:00,31266.5,31266.5,0,25,12
03/17/2026 11:54:30,31267,31266.75,0.25,24.5,4
03/17/2026 11:55:00,31267,31267,0,24,2
03/17/2026 11:55:30,31267,31267,0,24,22
03/17/2026 11:56:00,31267,31267,0,24,14
03/17/2026 11:56:30,31267,31267,0,24,6
03/17/2026 11:57:00,31267.5,31268.289473684210526315789474,1.3210421471590665,22.894736842105263157894736842,19
03/17/2026 11:57:30,31267.5,31267.5,0,25,18
03/17/2026 11:58:00,31267.5,31267.5,0,25,10
03/17/2026 11:58:30,31267.5,31267.583333333333333333333333,0.18633899812498247,24.833333333333333333333333333,12
03/17/2026 11:59:00,31271,31269.867647058823529411764706,1.0867438109907244,20.264705882352941176470588235,34
03/17/2026 11:59:30,31275.5,31274.229166666666666666666667,1.4140601020544432,11.541666666666666666666666667,24
03/17/2026 12:00:00,31281.5,31280.196721311475409836065574,3.8610907833262353,30.098360655737704918032786885,122
03/17/2026 12:00:30,31284,31283.186046511627906976744186,0.777767046892588,33.627906976744186046511627907,43
03/17/2026 12:01:00,31284,31284,0,32,22
03/17/2026 12:01:30,31284,31284,0,32,20
03/17/2026 12:02:00,31284,31284,0,32,10
03/17/2026 12:02:30,31284.5,31284.269230769230769230769231,0.24925925763107154,31.461538461538461538461538462,13
03/17/2026 12:03:00,31284.5,31284.5,0,31,17
03/17/2026 12:03:30,31284.5,31284.5,0,31,8
03/17/2026 12:04:00,31290.5,31290.30434782608695652173913,0.24402113392003966,19.39130434782608695652173913,23
03/17/2026 12:04:30,31290.5,31290.388888888888888888888889,0.20786985482077452,19.222222222222222222222222222,18
03/17/2026 12:05:00,31290.5,31290.5,0,19,16
03/17/2026 12:05:30,31290.5,31290.5,0,19,21
03/17/2026 12:06:00,31294,31292.379032258064516129032258,1.813225347343716,15.241935483870967741935483871,62
03/17/2026 12:06:30,31292.5,31293.462962962962962962962963,1.4005681778658545,13.074074074074074074074074074,27
03/17/2026 12:07:00,31292.5,31292.5,0,15,30
03/17/2026 12:07:30,31291,31291.15625,0.5219779090153146,17.6875,16
03/17/2026 12:08:00,31291.5,31291.479166666666666666666667,0.09991315673568166,17.041666666666666666666666667,24
03/17/2026 12:08:30,31290.5,31291.42,0.2712931993250107,17.16,25
03/17/2026 12:09:00,31290.5,31290.578947368421052631578947,0.18232113763882918,18.842105263157894736842105263,19
03/17/2026 12:09:30,31291,31290.805555555555555555555556,0.2437490107608923,18.388888888888888888888888889,18
03/17/2026 12:10:00,31291,31291,0,18,23
03/17/2026 12:10:30,31291,31291,0,18,23
03/17/2026 12:11:00,31291,31291,0,18,15
03/17/2026 12:11:30,31291,31291,0,18,15
03/17/2026 12:12:00,31291,31291,0,18,33
03/17/2026 12:12:30,31291,31291,0,18,20
03/17/2026 12:13:00,31291,31291,0,18,26
03/17/2026 12:13:30,31291,31291,0,18,32
03/17/2026 12:14:00,31291,31291,0,18,49
03/17/2026 12:14:30,31291,31291,0,18,20
03/17/2026 12:15:00,31291,31291,0,18,29
03/17/2026 12:15:30,31296.5,31293.40625,2.728431039535359,22.8125,64
03/17/2026 12:16:00,31310,31299.573529411764705882352941,4.969217527676791,35.117647058823529411764705882,68
03/17/2026 12:16:30,31316,31314.376543209876543209876543,3.9319291782721266,59.469135802469135802469135802,81
03/17/2026 12:17:00,31316,31316.764705882352941176470588,0.909389696102371,65.84313725490196078431372549,51
03/17/2026 12:17:30,31316,31315.92,0.2315167380558045,64.16,25
03/17/2026 12:18:00,31314.5,31315.096774193548387096774194,0.6888437581955684,65.935483870967741935483870968,31
03/17/2026 12:18:30,31315,31314.97619047619047619047619,0.392676726249301,66.904761904761904761904761905,21
03/17/2026 12:19:00,31314.5,31314.7,0.24494897427831783,67.4,30
03/17/2026 12:19:30,31314.5,31314.529411764705882352941176,0.9388758646771981,65.705882352941176470588235294,34
03/17/2026 12:20:00,31305,31309.552631578947368421052632,8.88507728373536,56.789473684210526315789473684,38
03/17/2026 12:20:30,31313,31310.637931034482758620689655,3.2586663014505297,60.172413793103448275862068966,29
03/17/2026 12:21:00,31313.5,31313.113636363636363636363636,0.2095351013021111,62.227272727272727272727272727,22
03/17/2026 12:21:30,31313.5,31313.894736842105263157894737,0.2846487849050518,63.736842105263157894736842105,38
03/17/2026 12:22:00,31314,31313.652173913043478260869565,0.23006533139692092,65.304347826086956521739130435,23
03/17/2026 12:22:30,31314.5,31314.568181818181818181818182,0.4596306458217428,64.318181818181818181818181818,22
03/17/2026 12:23:00,31315,31314.772727272727272727272727,0.4190702026042222,63.909090909090909090909090909,22
03/17/2026 12:23:30,31315.5,31314.541666666666666666666667,0.7488416981504762,62.416666666666666666666666667,12
03/17/2026 12:24:00,31317,31316.263157894736842105263158,0.4093776101606328,61.473684210526315789473684211,19
03/17/2026 12:24:30,31319,31317.777777777777777777777778,0.6285393610547089,58.444444444444444444444444444,27
03/17/2026 12:25:00,31320,31319.426470588235294117647059,0.4394574352201157,55.147058823529411764705882353,34
03/17/2026 12:25:30,31322.5,31320.955882352941176470588235,0.8433794681729215,53.323529411764705882352941176,34
03/17/2026 12:26:00,31325,31323.564516129032258064516129,0.6689174630105716,52.870967741935483870967741935,31
03/17/2026 12:26:30,31330.5,31327.903225806451612903225806,1.4941787842604468,44.193548387096774193548387097,31
03/17/2026 12:27:00,31336.5,31334.653846153846153846153846,2.9864090565852557,30.692307692307692307692307692,26
03/17/2026 12:27:30,31336.5,31336.5,0,27,14
03/17/2026 12:28:00,31333.5,31334.142857142857142857142857,1.0424656799518874,24.857142857142857142857142857,14
03/17/2026 12:28:30,31334,31333.952380952380952380952381,0.3049106779729928,24.19047619047619047619047619,21
03/17/2026 12:29:00,31334.5,31334.52380952380952380952381,0.10647942749998998,23.047619047619047619047619048,21
03/17/2026 12:29:30,31336.5,31334.916666666666666666666667,0.759202798262025,23.833333333333333333333333333,12
03/17/2026 12:30:00,31336.5,31336.5,0,27,62
03/17/2026 12:30:30,31336.5,31336.5,0,27,9
03/17/2026 12:31:00,31336.5,31336.5,0,27,13
03/17/2026 12:31:30,31336.5,31336.5,0,27,24
03/17/2026 12:32:00,31336.5,31336.5,0,27,11
03/17/2026 12:32:30,31336.5,31336.5,0,27,5
03/17/2026 12:33:00,31341.5,31338.083333333333333333333333,2.043912758676203,23.833333333333333333333333333,42
03/17/2026 12:33:30,31345.5,31344.36046511627906976744186,2.414408255769374,11.27906976744186046511627907,43
03/17/2026 12:34:00,31345.5,31345.5,0,9,25
03/17/2026 12:34:30,31345.5,31345.5,0,9,16
03/17/2026 12:35:00,31345.5,31345.5,0,9,16
03/17/2026 12:35:30,31345.5,31345.5,0,9,9
03/17/2026 12:36:00,31345.5,31345.5,0,9,21
03/17/2026 12:36:30,31345,31345.477272727272727272727273,0.10414944761263273,9.045454545454545454545454545,22
03/17/2026 12:37:00,31349,31345.647058823529411764705882,1.0677726388630204,9.941176470588235294117647059,34
03/17/2026 12:37:30,31349,31349,0,16,16
03/17/2026 12:38:00,31348.5,31348.732558139534883720930233,0.249390820808456,15.465116279069767441860465116,43
03/17/2026 12:38:30,31323.5,31330.392857142857142857142857,11.458276128490475,51.214285714285714285714285714,14
03/17/2026 12:39:00,31324.5,31324.431372549019607843137255,0.19851428167957438,63.137254901960784313725490196,51
03/17/2026 12:39:30,31325.5,31325.410714285714285714285714,0.19149652312077872,61.178571428571428571428571429,28
03/17/2026 12:40:00,31329.5,31327.175675675675675675675676,1.1163176447601828,57.648648648648648648648648649,37
03/17/2026 12:40:30,31331,31330.17,0.5710516614107694,51.74,50
03/17/2026 12:41:00,31333,31332.305555555555555555555556,0.5562495665139107,47.388888888888888888888888889,36
03/17/2026 12:41:30,31333.5,31333.125,0.21650635094610965,45.75,24
03/17/2026 12:42:00,31335,31334.305555555555555555555556,0.3390709893259362,43.388888888888888888888888889,36
03/17/2026 12:42:30,31336,31335.714285714285714285714286,0.3955535172818131,40.571428571428571428571428571,21
03/17/2026 12:43:00,31337,31336.833333333333333333333333,0.29814239699997197,38.333333333333333333333333333,15
03/17/2026 12:43:30,31337,31337,0,38,30
03/17/2026 12:44:00,31338.5,31337.964285714285714285714286,0.4417613170304636,36.785714285714285714285714286,14
03/17/2026 12:44:30,31344,31342.136363636363636363636364,2.257219821442752,42.818181818181818181818181818,11
03/17/2026 12:45:00,31345.5,31345.75,0.4031128874149275,47.5,30
03/17/2026 12:45:30,31344,31342.666666666666666666666667,2.814105882725794,56.242424242424242424242424242,33
03/17/2026 12:46:00,31339.5,31340.442307692307692307692308,2.665040492826022,51.730769230769230769230769231,26
03/17/2026 12:46:30,31320.5,31324.666666666666666666666667,6.977416673407389,65.727272727272727272727272727,66
03/17/2026 12:47:00,31318,31318.527777777777777777777778,0.6555790956225526,61.388888888888888888888888889,18
03/17/2026 12:47:30,31320,31318.954545454545454545454545,0.44997704257325755,56.090909090909090909090909091,11
03/17/2026 12:48:00,31317.5,31317.19565217391304347826087,1.1395949932244485,45.695652173913043478260869565,23
03/17/2026 12:48:30,31318.5,31317.785714285714285714285714,0.31134992453861954,42.428571428571428571428571429,14
03/17/2026 12:49:00,31321,31319.277777777777777777777778,0.7677930533936252,39.888888888888888888888888889,18
03/17/2026 12:49:30,31322.5,31322.0,0.408248290463863,38,6
03/17/2026 12:50:00,31329.5,31326.133333333333333333333333,2.9522119767312707,40.4,15
03/17/2026 12:50:30,31334,31332.28125,1.6860526200270263,46.0625,16
03/17/2026 12:51:00,31337.5,31334.970588235294117647058824,1.2830408300698375,45.176470588235294117647058824,34
03/17/2026 12:51:30,31339,31338.190476190476190476190476,0.5870870479018073,45.619047619047619047619047619,21
03/17/2026 12:52:00,31339.5,31339.088235294117647058823529,0.35294117647058826,41.705882352941176470588235294,17
03/17/2026 12:52:30,31340.5,31340.404761904761904761904762,0.3657688451366004,38.80952380952380952380952381,21
03/17/2026 12:53:00,31342,31341.5,0.4385290096535146,35,13
03/17/2026 12:53:30,31343,31342.571428571428571428571429,0.31943828249996997,32.857142857142857142857142857,7
03/17/2026 12:54:00,31343.5,31343.2,0.2449489742783178,31.6,10
03/17/2026 12:54:30,31344.5,31344.166666666666666666666667,0.23570226039551584,29.666666666666666666666666667,9
03/17/2026 12:55:00,31346,31345.533333333333333333333333,0.5312459150169743,26.933333333333333333333333333,15
03/17/2026 12:55:30,31347.5,31346.75,0.5590169943749475,24.5,8
03/17/2026 12:56:00,31336,31337.735294117647058823529412,4.524825791442868,42.529411764705882352941176471,17
03/17/2026 12:56:30,31337.5,31336.8,0.5099019513592785,44.4,5
03/17/2026 12:57:00,31339,31338.583333333333333333333333,0.3435921354681384,40.833333333333333333333333333,6
03/17/2026 12:57:30,31341.5,31340.260869565217391304347826,0.8580762763474152,40.086956521739130434782608696,23
03/17/2026 12:58:00,31343,31342.173913043478260869565217,0.5439128697042088,37.652173913043478260869565217,23
03/17/2026 12:58:30,31344,31343.787878787878787878787879,0.2471137337924256,34.424242424242424242424242424,33
03/17/2026 12:59:00,31345.5,31344.920454545454545454545455,0.3683992063056211,32.159090909090909090909090909,44
03/17/2026 12:59:30,31347,31346.357142857142857142857143,0.4974424384708614,29.285714285714285714285714286,28
03/17/2026 13:00:00,31348.5,31347.686666666666666666666667,0.4302970550161313,26.626666666666666666666666667,75
03/17/2026 13:00:30,31336.5,31346.708955223880597014925373,4.276060795097309,28.582089552238805970149253731,67
03/17/2026 13:01:00,31360,31349.485714285714285714285714,11.4576772230212,23.028571428571428571428571429,35
03/17/2026 13:01:30,31368,31366.690476190476190476190476,2.7144945617229705,15.380952380952380952380952381,21
03/17/2026 13:02:00,31364.5,31365.789473684210526315789474,2.0119105182681474,22.421052631578947368421052632,38
03/17/2026 13:02:30,31369,31368.828571428571428571428571,0.23733211036908786,16.342857142857142857142857143,35
03/17/2026 13:03:00,31369,31369,0,16,34
03/17/2026 13:03:30,31369,31368.918604651162790697674419,0.18458730077194818,16.162790697674418604651162791,43
03/17/2026 13:04:00,31369,31369,0,16,35
03/17/2026 13:04:30,31369,31369,0,16,24
03/17/2026 13:05:00,31369,31369,0,16,22
03/17/2026 13:05:30,31369,31369,0,16,19
03/17/2026 13:06:00,31369,31369,0,16,40
03/17/2026 13:06:30,31369.5,31369.194444444444444444444444,0.2437490107608923,15.611111111111111111111111111,18
03/17/2026 13:07:00,31369,31369.230769230769230769230769,0.24925925763107154,15.538461538461538461538461538,26
03/17/2026 13:07:30,31369,31369,0,16,44
03/17/2026 13:08:00,31369,31368.948275862068965517241379,0.15227173907461808,16.103448275862068965517241379,29
03/17/2026 13:08:30,31369,31369,0,16,18
03/17/2026 13:09:00,31369,31368.671875,0.23747943989954162,16.65625,32
03/17/2026 13:09:30,31368,31368.606060606060606060606061,0.2953574043881504,16.363636363636363636363636364,33
03/17/2026 13:10:00,31368,31368,0,16,19
03/17/2026 13:10:30,31368,31368.083333333333333333333333,0.18633899812498247,15.833333333333333333333333333,36
03/17/2026 13:11:00,31368.5,31368.6125,0.20879116360612582,15.875,40
03/17/2026 13:11:30,31369,31368.666666666666666666666667,0.28867513459481287,15.444444444444444444444444444,54
03/17/2026 13:12:00,31369,31369,0,16,51
03/17/2026 13:12:30,31369,31368.069230769230769230769231,0.9761656664132495,15.8,65
03/17/2026 13:13:00,31369,31368.872093023255813953488372,0.24335406437739945,16.209302325581395348837209302,43
03/17/2026 13:13:30,31369,31369,0,16,28
03/17/2026 13:14:00,31369,31369,0,16,7
03/17/2026 13:14:30,31369,31369,0,16,19
03/17/2026 13:15:00,31369,31369,0,16,29
03/17/2026 13:15:30,31368.5,31368.6484375,0.2284404924564601,16.703125,64
03/17/2026 13:16:00,31366,31368.044444444444444444444444,0.9821870280270918,16.088888888888888888888888889,45
03/17/2026 13:16:30,31362.5,31365.390625,2.4454497764981804,10.78125,32
03/17/2026 13:17:00,31362.5,31362.407894736842105263157895,0.1938278929296873,4.8157894736842105263157894737,38
03/17/2026 13:17:30,31362.5,31362.5,0,5,20
03/17/2026 13:18:00,31368,31365.121212121212121212121212,2.7052986812928053,10.242424242424242424242424242,33
03/17/2026 13:18:30,31359,31359.576923076923076923076923,3.062466036522213,15.153846153846153846153846154,26
03/17/2026 13:19:00,31360,31359.666666666666666666666667,0.4714045207910317,15.333333333333333333333333333,18
03/17/2026 13:19:30,31357.5,31358.451612903225806451612903,0.6394912129548067,12.903225806451612903225806452,31
03/17/2026 13:20:00,31356.5,31357.0,0.5,10,22
03/17/2026 13:20:30,31355.5,31355.574074074074074074074074,0.2237601106221217,9.074074074074074074074074074,27
03/17/2026 13:21:00,31355.5,31355.466666666666666666666667,0.12472191289246472,9.066666666666666666666666667,15
03/17/2026 13:21:30,31361.5,31360.5,2.23606797749979,19,12
03/17/2026 13:22:00,31361,31361.454545454545454545454545,0.14373989364401724,20.909090909090909090909090909,11
03/17/2026 13:22:30,31360,31360.766666666666666666666667,0.47842333648024415,18.333333333333333333333333333,15
03/17/2026 13:23:00,31357,31357.722222222222222222222222,1.6768209191985077,11,18
03/17/2026 13:23:30,31356.5,31356.708333333333333333333333,0.24650332429581734,7.4166666666666666666666666667,12
03/17/2026 13:24:00,31361,31359.5,2.004993765576342,13,25
03/17/2026 13:24:30,31364.5,31363.98,1.174563748802082,21.96,50
03/17/2026 13:25:00,31364.5,31364.5,0,23,28
03/17/2026 13:25:30,31364.5,31364.589285714285714285714286,0.19149652312077872,23.178571428571428571428571429,28
03/17/2026 13:26:00,31364.5,31364.5,0,23,17
03/17/2026 13:26:30,31364.5,31364.5,0,23,29
03/17/2026 13:27:00,31364.5,31364.540540540540540540540541,0.1364797964643524,23.081081081081081081081081081,37
03/17/2026 13:27:30,31364.5,31364.5,0,23,12
03/17/2026 13:28:00,31364.5,31364.541666666666666666666667,0.13819269959814165,23.083333333333333333333333333,12
03/17/2026 13:28:30,31364.5,31364.552631578947368421052632,0.15344610249592897,23.105263157894736842105263158,19
03/17/2026 13:29:00,31364.5,31364.5,0,23,22
03/17/2026 13:29:30,31364.5,31364.727272727272727272727273,0.24896479886598458,23.454545454545454545454545455,22
03/17/2026 13:30:00,31365.5,31365.22413793103448275862069,0.3616582235069488,22.724137931034482758620689655,58
03/17/2026 13:30:30,31365,31365.35,0.22912878474779202,22.7,10
03/17/2026 13:31:00,31365,31365.157894736842105263157895,0.2324147596402065,22.315789473684210526315789474,19
03/17/2026 13:31:30,31365,31365.083333333333333333333333,0.18633899812498247,22.166666666666666666666666667,12
03/17/2026 13:32:00,31365,31365,0,22,11
03/17/2026 13:32:30,31365,31365,0,22,6
03/17/2026 13:33:00,31365,31365,0,22,22
03/17/2026 13:33:30,31365,31365,0,22,9
03/17/2026 13:34:00,31365,31365,0,22,37
03/17/2026 13:34:30,31364,31364.840909090909090909090909,0.3657608395325246,22.318181818181818181818181818,44
03/17/2026 13:35:00,31363.5,31363.964285714285714285714286,0.2286830084797446,23.785714285714285714285714286,56
03/17/2026 13:35:30,31364,31363.65625,0.23175620272173947,23.3125,32
03/17/2026 13:36:00,31364,31364,0,24,16
03/17/2026 13:36:30,31364,31362.51020408163265306122449,1.465556229010509,21.020408163265306122448979592,49
03/17/2026 13:37:00,31363,31363.863636363636363636363636,0.3431742925123068,23.727272727272727272727272727,22
03/17/2026 13:37:30,31362.5,31362.666666666666666666666667,0.23570226039551584,21.333333333333333333333333333,6
03/17/2026 13:38:00,31361,31361.59375,0.5219779090153146,19.1875,32
03/17/2026 13:38:30,31361.5,31361.078947368421052631578947,0.18232113763882918,17.842105263157894736842105263,19
03/17/2026 13:39:00,31364.5,31363.78,1.2812493902437574,21.56,25
03/17/2026 13:39:30,31364.5,31364.5,0,23,44
03/17/2026 13:40:00,31363,31363.65,0.7088723439378913,21.3,20
03/17/2026 13:40:30,31363,31363,0,20,17
03/17/2026 13:41:00,31363,31363,0,20,19
03/17/2026 13:41:30,31359.5,31361.078947368421052631578947,0.5907880084379907,16.263157894736842105263157895,19
03/17/2026 13:42:00,31360.5,31359.9375,0.49607837082461076,15.875,16
03/17/2026 13:42:30,31359.5,31359.807692307692307692307692,0.46153846153846156,15.615384615384615384615384615,13
03/17/2026 13:43:00,31359,31359.071428571428571428571429,0.1749635530559413,14.142857142857142857142857143,21
03/17/2026 13:43:30,31359,31359,0,14,7
03/17/2026 13:44:00,31359,31359,0,14,8
03/17/2026 13:44:30,31359,31359,0,14,10
03/17/2026 13:45:00,31363,31361.95,2.0910523666326486,19.9,30
03/17/2026 13:45:30,31364,31363.739130434782608695652174,0.6735623210795507,23.478260869565217391304347826,23
03/17/2026 13:46:00,31364,31364.102941176470588235294118,0.20217245713040471,24.205882352941176470588235294,34
03/17/2026 13:46:30,31364.5,31364.055555555555555555555556,0.15713484026367722,23.888888888888888888888888889,18
03/17/2026 13:47:00,31364.5,31364.5,0,23,23
03/17/2026 13:47:30,31364.5,31364.5,0,23,12
03/17/2026 13:48:00,31365,31364.631578947368421052631579,0.22017369119317778,23.263157894736842105263157895,19
03/17/2026 13:48:30,31364.5,31364.575,0.17853571071357124,23.15,20
03/17/2026 13:49:00,31364.5,31364.5,0,23,13
03/17/2026 13:49:30,31364.5,31364.5,0,23,12
03/17/2026 13:50:00,31364.5,31364.5,0,23,27
03/17/2026 13:50:30,31364.5,31364.709677419354838709677419,0.2467267506577154,22.58064516129032258064516129,31
03/17/2026 13:51:00,31364.5,31364.775,0.248746859276655,22.45,20
03/17/2026 13:51:30,31364.5,31364.5,0,23,5
03/17/2026 13:52:00,31364.5,31364.5,0,23,6
03/17/2026 13:52:30,31364.5,31364.5,0,23,12
03/17/2026 13:53:00,31364.5,31364.5,0,23,11
03/17/2026 13:53:30,31364.5,31364.5,0,23,14
03/17/2026 13:54:00,31364.5,31364.5,0,23,6
03/17/2026 13:54:30,31365,31364.961538461538461538461538,0.13323467750529824,22.076923076923076923076923077,13
03/17/2026 13:55:00,31365,31365.014705882352941176470588,0.08447886244908866,22.029411764705882352941176471,34
03/17/2026 13:55:30,31366,31365.652173913043478260869565,0.23006533139692092,22.695652173913043478260869565,23
03/17/2026 13:56:00,31368.5,31367.307692307692307692307692,0.6851481649173019,19.384615384615384615384615385,39
03/17/2026 13:56:30,31371,31370.066666666666666666666667,1.2297244497131143,13.866666666666666666666666667,30
03/17/2026 13:57:00,31367,31369.359375,1.9293553610921448,14.28125,32
03/17/2026 13:57:30,31367,31367,0,18,11
03/17/2026 13:58:00,31367,31367,0,18,8
03/17/2026 13:58:30,31376,31374.714285714285714285714286,3.1493439550069433,33.428571428571428571428571429,21
03/17/2026 13:59:00,31376,31376,0,36,10
03/17/2026 13:59:30,31376,31376,0,36,9
03/17/2026 14:00:00,31376,31376,0,36,24
03/17/2026 14:00:30,31376,31376,0,36,34
03/17/2026 14:01:00,31369.5,31372.208333333333333333333333,3.204543215845625,28.416666666666666666666666667,24
03/17/2026 14:01:30,31369.5,31369.5,0,23,20
03/17/2026 14:02:00,31369.5,31369.5,0,23,12
03/17/2026 14:02:30,31369.5,31369.5,0,23,13
03/17/2026 14:03:00,31369.5,31369.5,0,23,6
03/17/2026 14:03:30,31369.5,31369.5,0,23,20
03/17/2026 14:04:00,31369.5,31369.5,0,23,33
03/17/2026 14:04:30,31369.5,31369.5,0,23,18
03/17/2026 14:05:00,31371,31370.444444444444444444444444,0.5499719409228703,21.111111111111111111111111111,36
03/17/2026 14:05:30,31371,31371,0,20,42
03/17/2026 14:06:00,31371,31371,0,20,19
03/17/2026 14:06:30,31371,31371,0,20,4
03/17/2026 14:07:00,31371,31371,0,20,3
03/17/2026 14:09:30,31374.5,31374.5,0,13,9
03/17/2026 14:10:00,31374.5,31374.5,0,13,27
03/17/2026 14:10:30,31374.5,31374.5,0,13,29
03/17/2026 14:11:00,31374.5,31374.5,0,13,13
03/17/2026 14:11:30,31374.5,31374.5,0,13,14
03/17/2026 14:12:00,31374.5,31374.5,0,13,10
03/17/2026 14:12:30,31374.5,31374.5,0,13,23
03/17/2026 14:13:00,31374.5,31374.5,0,13,31
03/17/2026 14:13:30,31374.5,31374.5,0,13,33
03/17/2026 14:14:00,31374.5,31374.5,0,13,9
03/17/2026 14:14:30,31382.5,31377.928571428571428571428571,3.958973274443148,19.857142857142857142857142857,7
03/17/2026 14:15:00,31382.5,31382.5,0,29,15
03/17/2026 14:15:30,31383.5,31382.736842105263157894736842,0.4093776101606328,28.526315789473684210526315789,19
03/17/2026 14:16:00,31384,31383.9,0.2,26.2,10
03/17/2026 14:16:30,31384.5,31384.046875,0.14574029770451274,25.90625,32
03/17/2026 14:17:00,31384.5,31384.5,0,25,25
03/17/2026 14:17:30,31384.5,31384.5,0,25,23
03/17/2026 14:18:00,31384.5,31384.5,0,25,23
03/17/2026 14:18:30,31384.5,31384.5,0,25,11
03/17/2026 14:19:30,31384,31384.27586206896551724137931,0.2811983867293119,24.689655172413793103448275862,29
03/17/2026 14:20:00,31384,31384,0,24,16
03/17/2026 14:20:30,31384,31384,0,24,12
03/17/2026 14:21:00,31384,31384,0,24,10
03/17/2026 14:21:30,31384,31384,0,24,25
03/17/2026 14:22:00,31384,31384,0,24,10
03/17/2026 14:22:30,31384,31384,0,24,14
03/17/2026 14:23:00,31384,31384,0,24,3
03/17/2026 14:23:30,31384,31384,0,24,2
03/17/2026 14:24:00,31384,31384,0,24,10
03/17/2026 14:24:30,31384,31384,0,24,34
03/17/2026 14:25:00,31384,31384,0,24,6
03/17/2026 14:25:30,31384,31384,0,24,20
03/17/2026 14:26:00,31383.5,31383.782608695652173913043478,0.2478642228476387,24.434782608695652173913043478,23
03/17/2026 14:26:30,31382.5,31382.777777777777777777777778,0.4479032082388083,26.444444444444444444444444444,18
03/17/2026 14:27:00,31382.5,31382.5,0,27,14
03/17/2026 14:27:30,31382.5,31382.5,0,27,17
03/17/2026 14:28:00,31382.5,31382.5,0,27,16
03/17/2026 14:28:30,31382.5,31382.5,0,27,7
03/17/2026 14:29:00,31383,31383,0,26,11
03/17/2026 14:29:30,31383,31383,0,26,13
03/17/2026 14:30:00,31375,31382.111111111111111111111111,2.5141574442188355,24.222222222222222222222222222,9
03/17/2026 14:30:30,31375,31375,0,10,16
03/17/2026 14:31:00,31383,31380.575,3.651284020724764,21.25,20
03/17/2026 14:31:30,31383,31383,0,26,10
03/17/2026 14:32:00,31383,31383,0,26,32
03/17/2026 14:32:30,31382,31382.720338983050847457627119,0.40412267856157164,26.152542372881355932203389831,59
03/17/2026 14:33:00,31382,31382.333333333333333333333333,0.23570226039551584,25.333333333333333333333333333,57
03/17/2026 14:33:30,31382,31382,0,26,34
03/17/2026 14:34:00,31382.5,31382.446428571428571428571429,0.15464739353293547,25.107142857142857142857142857,28
03/17/2026 14:34:30,31382.5,31382.5,0,25,26
03/17/2026 14:35:00,31382.5,31382.5,0,25,18
03/17/2026 14:35:30,31383,31382.714285714285714285714286,0.24743582965269675,25.428571428571428571428571429,28
03/17/2026 14:36:00,31383,31383,0,26,34
03/17/2026 14:36:30,31382.5,31382.833333333333333333333333,0.23570226039551584,25.666666666666666666666666667,18
03/17/2026 14:37:00,31382.5,31382.5,0,25,17
03/17/2026 14:37:30,31382.5,31382.5,0,25,11
03/17/2026 14:38:00,31382.5,31382.5,0,25,9
03/17/2026 14:38:30,31382.5,31382.5,0,25,14
03/17/2026 14:39:00,31382.5,31382.5,0,25,35
03/17/2026 14:39:30,31382.5,31382.5,0,25,15
03/17/2026 14:40:00,31382,31382.0,0.3244428422615251,24.421052631578947368421052632,19
03/17/2026 14:40:30,31381.5,31381.823529411764705882352941,0.23894230601870473,24.352941176470588235294117647,17
03/17/2026 14:41:00,31382,31381.970588235294117647058824,0.11764705882352941,24.058823529411764705882352941,17
03/17/2026 14:41:30,31382,31382,0,24,7
03/17/2026 14:42:00,31382,31382,0,24,5
03/17/2026 14:42:30,31374.5,31379.318181818181818181818182,3.550113489048479,19.181818181818181818181818182,11
03/17/2026 14:43:00,31374.5,31374.5,0,11,8
03/17/2026 14:43:30,31374.5,31374.5,0,11,5
03/17/2026 14:44:00,31374.5,31374.5,0,11,6
03/17/2026 14:44:30,31374.5,31374.5,0,11,11
03/17/2026 14:45:00,31374.5,31374.5,0,11,18
03/17/2026 14:45:30,31374.5,31374.5,0,11,13
03/17/2026 14:46:00,31369.5,31373.111111111111111111111111,2.2395160411940416,8.222222222222222222222222222,18
03/17/2026 14:46:30,31369.5,31369.5,0,1,7
03/17/2026 14:47:00,31374,31374.045454545454545454545455,0.14373989364401724,10.090909090909090909090909091,11
03/17/2026 14:47:30,31374,31374,0,10,7
03/17/2026 14:48:00,31374,31374,0,10,5
03/17/2026 14:48:30,31374,31374,0,10,9
03/17/2026 14:49:00,31374,31374,0,10,5
03/17/2026 14:49:30,31374,31374,0,10,3
03/17/2026 14:50:00,31374,31374,0,10,5
03/17/2026 14:50:30,31374,31374,0,10,2
03/17/2026 14:51:00,31374,31374,0,10,5
03/17/2026 14:51:30,31374,31374,0,10,3
03/17/2026 14:52:00,31374,31374,0,10,9
03/17/2026 14:52:30,31372,31372.923076923076923076923077,0.9970370305242862,7.8461538461538461538461538462,13
03/17/2026 14:53:00,31372,31372,0,6,8
03/17/2026 14:53:30,31372,31372,0,6,7
03/17/2026 14:54:00,31372,31372,0,6,8
03/17/2026 14:54:30,31372,31372,0,6,8
03/17/2026 14:55:00,31372,31372,0,6,10
03/17/2026 14:55:30,31372,31372,0,6,9
03/17/2026 14:56:00,31372,31372,0,6,18
03/17/2026 14:56:30,31371.5,31371.957142857142857142857143,0.13997084244475302,5.9142857142857142857142857143,35
03/17/2026 14:57:00,31370.5,31370.666666666666666666666667,0.23570226039551584,3.3333333333333333333333333333,21
03/17/2026 14:57:30,31370.5,31370.5,0,3,14
03/17/2026 14:58:00,31370.5,31370.5,0,3,9
03/17/2026 14:58:30,31370.5,31370.5,0,3,13
03/17/2026 14:59:00,31372,31371.166666666666666666666667,0.7453559924999299,4.3333333333333333333333333333,9
03/17/2026 14:59:30,31371.5,31371.75,0.25,5.5,24
03/17/2026 15:00:00,31371.5,31371.5,0,5,34
03/17/2026 15:00:30,31372,31372.121212121212121212121212,0.3263736246748184,5.5151515151515151515151515152,33
03/17/2026 15:01:00,31371.5,31371.782608695652173913043478,0.2478642228476387,5.5652173913043478260869565217,23
03/17/2026 15:01:30,31371.5,31371.5,0,5,11
03/17/2026 15:02:00,31371.5,31371.638888888888888888888889,0.22395160411940415,5.2777777777777777777777777778,18
03/17/2026 15:02:30,31371.5,31371.5,0,5,19
03/17/2026 15:03:00,31347.5,31357.75,11.908505363814553,32.5,14
03/17/2026 15:03:30,31346.5,31347.184210526315789473684211,0.3702959810386918,52.368421052631578947368421053,19
03/17/2026 15:04:00,31346.5,31346.5,0,51,22
03/17/2026 15:04:30,31346.5,31346.907894736842105263157895,0.1938278929296873,50.184210526315789473684210526,38
03/17/2026 15:05:00,31346.5,31346.388888888888888888888889,0.6573421981221795,49,27
03/17/2026 15:05:30,31346,31346.345238095238095238095238,0.23114866474937618,48.69047619047619047619047619,42
03/17/2026 15:06:00,31346,31345.888888888888888888888889,0.20786985482077452,48.222222222222222222222222222,18
03/17/2026 15:06:30,31346,31346,0,48,21
03/17/2026 15:07:00,31346,31345.766666666666666666666667,0.24944382578492943,48.466666666666666666666666667,15
03/17/2026 15:07:30,31345.5,31345.935483870967741935483871,0.2102968517807306,47.870967741935483870967741935,31
03/17/2026 15:08:00,31344.5,31345.114285714285714285714286,0.39795395077668916,46.685714285714285714285714286,35
03/17/2026 15:08:30,31344.5,31344.5,0,47,11
03/17/2026 15:09:00,31344.5,31344.5,0,47,19
03/17/2026 15:09:30,31344.5,31344.5,0,47,14
03/17/2026 15:10:00,31345,31344.580645161290322580645161,0.1838992621127642,46.838709677419354838709677419,31
03/17/2026 15:10:30,31345,31344.897058823529411764705882,0.20217245713040471,46.205882352941176470588235294,34
03/17/2026 15:11:00,31345,31345,0,46,14
03/17/2026 15:11:30,31345,31345,0,46,15
03/17/2026 15:12:00,31345,31345,0,46,15
03/17/2026 15:12:30,31345,31345,0,46,10
03/17/2026 15:13:00,31345,31345,0,46,10
03/17/2026 15:13:30,31344.5,31344.642857142857142857142857,0.22587697572631282,46.714285714285714285714285714,14
03/17/2026 15:14:00,31345,31344.84375,0.23175620272173947,46.3125,16
03/17/2026 15:14:30,31345,31345,0,46,10
03/17/2026 15:15:00,31345,31345,0,46,17
03/17/2026 15:15:30,31345,31345,0,46,12
03/17/2026 15:16:00,31345,31344.9375,0.16535945694153692,46.125,32
03/17/2026 15:16:30,31345,31345,0,46,36
03/17/2026 15:17:00,31344.5,31344.890625,0.20669932117692114,46.21875,32
03/17/2026 15:17:30,31345,31344.864583333333333333333333,0.22219509383022437,46.270833333333333333333333333,48
03/17/2026 15:18:00,31345,31344.965909090909090909090909,0.12602882393647064,46.068181818181818181818181818,44
03/17/2026 15:18:30,31345,31345,0,46,43
03/17/2026 15:19:00,31345,31345,0,46,35
03/17/2026 15:19:30,31345,31345,0,46,12
03/17/2026 15:20:00,31345,31345,0,46,13
03/17/2026 15:20:30,31345,31345,0,46,16
03/17/2026 15:21:00,31345,31345,0,46,32
03/17/2026 15:21:30,31345,31345,0,46,20
03/17/2026 15:22:00,31345,31345,0,46,15
03/17/2026 15:22:30,31345,31345,0,46,12
03/17/2026 15:23:00,31345,31345,0,46,18
03/17/2026 15:23:30,31345,31345,0,46,11
03/17/2026 15:24:00,31346.5,31346.409090909090909090909091,0.46798318822668183,48.818181818181818181818181818,11
03/17/2026 15:24:30,31347.5,31347.285714285714285714285714,0.3642156795423418,50.571428571428571428571428571,7
03/17/2026 15:25:00,31347.5,31347.5,0,51,12
03/17/2026 15:25:30,31344,31345.6,1.5937377450509227,47.2,25
03/17/2026 15:26:00,31344,31344,0,44,11
03/17/2026 15:26:30,31344,31344,0,44,10
03/17/2026 15:27:00,31346,31344.333333333333333333333333,0.7453559924999299,44.666666666666666666666666667,18
03/17/2026 15:27:30,31346,31346,0,48,13
03/17/2026 15:28:00,31344.5,31345.666666666666666666666667,0.6236095644623235,47.333333333333333333333333333,18
03/17/2026 15:28:30,31343,31344.3,1.3266499161421599,44.6,15
03/17/2026 15:29:00,31344,31344.416666666666666666666667,0.18633899812498247,45.166666666666666666666666667,18
03/17/2026 15:29:30,31344.5,31344.416666666666666666666667,0.18633899812498247,45.166666666666666666666666667,6
03/17/2026 15:32:00,31341,31342.142857142857142857142857,0.989743318610787,37.714285714285714285714285714,7
03/17/2026 15:32:30,31350,31353.351851851851851851851852,8.513404261880218,62.111111111111111111111111111,81
03/17/2026 15:33:00,31351,31350.666666666666666666666667,0.4433747811741175,40.666666666666666666666666667,39
03/17/2026 15:33:30,31342.5,31345.614864864864864864864865,2.280272768915468,37.256756756756756756756756757,74
03/17/2026 15:34:00,31342,31342.585106382978723404255319,0.7243423204489022,39.127659574468085106382978723,47
03/17/2026 15:34:30,31342,31342.090909090909090909090909,0.19284730395996752,37.818181818181818181818181818,33
03/17/2026 15:35:00,31341,31340.925531914893617021276596,3.1857039761172925,35.851063829787234042553191489,47
03/17/2026 15:35:30,31344,31340.895348837209302325581395,1.4728478170761872,35.232558139534883720930232558,43
03/17/2026 15:36:00,31342,31343.125,0.7603453162872774,39.125,32
03/17/2026 15:36:30,31342,31343.383333333333333333333333,0.8532617157446802,38.433333333333333333333333333,30
03/17/2026 15:37:00,31344,31342.71875,0.63661089960823,36.5625,32
03/17/2026 15:37:30,31343.5,31343.824324324324324324324324,0.23869623963048234,34.351351351351351351351351351,37
03/17/2026 15:38:00,31345.5,31343.433333333333333333333333,1.0225241100118645,35.133333333333333333333333333,30
03/17/2026 15:38:30,31344.5,31344.054054054054054054054054,0.8759842632779379,33.891891891891891891891891892,37
03/17/2026 15:39:00,31344,31344.628571428571428571428571,0.3238795442501324,32.742857142857142857142857143,35
03/17/2026 15:39:30,31363.5,31346.546153846153846153846154,7.272034461352654,42.2,65
03/17/2026 15:40:00,31362,31362.873015873015873015873016,0.7504932450456556,74.253968253968253968253968254,63
03/17/2026 15:40:30,31363.5,31363.044444444444444444444444,0.2543449587168799,73.911111111111111111111111111,45
03/17/2026 15:41:00,31362,31362.791666666666666666666667,0.811163430580491,74.416666666666666666666666667,36
03/17/2026 15:41:30,31363,31362.319148936170212765957447,0.4545927791323723,75.361702127659574468085106383,47
03/17/2026 15:42:00,31363.5,31363.469387755102040816326531,0.1198708175966401,73.061224489795918367346938776,49
03/17/2026 15:42:30,31363.5,31363.5,0,73,24
03/17/2026 15:43:00,31361.5,31361.977272727272727272727273,0.8851973679159294,76.045454545454545454545454545,44
03/17/2026 15:43:30,31361.5,31361.228260869565217391304348,0.2490530268997739,77.543478260869565217391304348,46
03/17/2026 15:44:00,31361.5,31361.386363636363636363636364,0.2095351013021111,77.227272727272727272727272727,22
03/17/2026 15:44:30,31361.5,31361.5,0,77,41
03/17/2026 15:45:00,31361.5,31361.5,0,77,16
03/17/2026 15:45:30,31361.5,31361.5,0,77,9
03/17/2026 15:46:00,31362.5,31362.153846153846153846153846,0.36080121229410994,75.692307692307692307692307692,13
03/17/2026 15:46:30,31361.5,31361.722222222222222222222222,0.41573970964154905,76.555555555555555555555555556,9
03/17/2026 15:47:00,31362,31361.636363636363636363636364,0.22268088570756164,76.727272727272727272727272727,11
03/17/2026 15:47:30,31361.5,31361.75,0.25,76.5,6
03/17/2026 15:48:00,31362.5,31362.5,0,75,11
03/17/2026 15:48:30,31362.5,31363.8125,1.1709371246996996,72.375,16
03/17/2026 15:49:00,31361.5,31361.875,0.36084391824351614,76.25,12
