TimeUtc,PriceClose,PriceAvg,PriceStdDev,SellVolume,BuyVolume,SellValue,BuyValue,Count
03/23/2026 06:00:00,33207,33203.661971830985915492957746,10.728327202438729,177,45,5876054,1494335,71
03/23/2026 06:00:30,33201,33201.888888888888888888888889,0.5665577237325317,8,3,265616,99605,9
03/23/2026 06:01:00,33201,33200.058823529411764705882353,1.6259147013041473,18,30,597641,995970,17
03/23/2026 06:01:30,33193,33196.043478260869565217391304,2.2161121630216796,60,2,1991723,66390,23
03/23/2026 06:02:00,33194,33189.627450980392156862745098,1.9297544729909166,67,107,2223758,3551324,51
03/23/2026 06:02:30,33186,33186.130434782608695652173913,3.379018996126165,170,25,5641671,829694,46
03/23/2026 06:03:00,33182,33182.526315789473684210526316,0.8806947647727111,44,6,1460016,199104,19
03/23/2026 06:03:30,33187,33182.882352941176470588235294,2.0257853362026546,55,13,1824960,431408,17
03/23/2026 06:04:00,33183,33183.375,0.4841229182759271,31,2,1028677,66368,8
03/23/2026 06:04:30,33195,33191.769230769230769230769231,2.516219574430173,1,33,33188,1095365,13
03/23/2026 06:05:00,33185,33189.209302325581395348837209,2.9219151057728268,46,75,1526659,2489160,43
03/23/2026 06:05:30,33185,33186.625,1.2183492931011204,147,5,4878299,165934,16
03/23/2026 06:06:00,33162,33170.425,6.536006043448858,191,19,6335419,630188,80
03/23/2026 06:06:30,33152,33148.102040816326530612244898,9.629698036306376,777,46,25756556,1525324,147
03/23/2026 06:07:00,33154,33153.5,1.118033988749895,54,43,1790269,1425618,20
03/23/2026 06:07:30,33154,33153.875,0.33071891388307384,4,107,132612,3547468,32
03/23/2026 06:08:00,33161,33158.888888888888888888888889,2.8846122190549264,33,13,1094274,431089,18
03/23/2026 06:08:30,33167,33165.4,2.0346989949375804,18,147,596960,4875156,20
03/23/2026 06:09:00,33166,33164.785714285714285714285714,1.0126747770541304,20,21,663274,696469,14
03/23/2026 06:09:30,33165,33165,0,0,1,0,33165,1
03/23/2026 06:10:00,33161,33161.611111111111111111111111,1.8299632324445116,56,20,1856968,663281,18
03/23/2026 06:10:30,33157,33157,0,1,0,33157,0,1
03/23/2026 06:11:00,33156,33156,0,1,0,33156,0,1
03/23/2026 06:11:30,33157,33157,0,0,1,0,33157,1
03/23/2026 06:12:00,33156,33156,0,4,0,132624,0,3
03/23/2026 06:12:30,33157,33155.75,0.82915619758885,0,5,0,165780,4
03/23/2026 06:13:00,33162,33162,0,0,5,0,165810,1
03/23/2026 06:13:30,33157,33157.666666666666666666666667,0.4714045207910317,4,1,132632,33157,3
03/23/2026 06:14:00,33159,33158.5,0.5,0,5,0,165792,2
03/23/2026 06:15:00,33153,33156.727272727272727272727273,2.489647988659846,11,5,364707,165795,11
03/23/2026 06:15:30,33163,33157.423076923076923076923077,4.499342489768553,53,27,1757343,895378,26
03/23/2026 06:16:00,33156,33155.478260869565217391304348,3.774854621069259,55,10,1823511,331561,23
03/23/2026 06:16:30,33162,33160,1.6733200530681511,1,10,33157,331608,5
03/23/2026 06:17:00,33162,33161.333333333333333333333333,0.4714045207910317,0,14,0,464258,3
03/23/2026 06:17:30,33162,33162.571428571428571428571429,0.7284313590846836,16,10,530593,331635,7
03/23/2026 06:18:00,33162,33162,0,2,0,66324,0,1
03/23/2026 06:18:30,33171,33166.5,2.3345235059857505,0,44,0,1459283,10
03/23/2026 06:19:00,33173,33171.25,1.14564392373896,1,191,33169,6335939,16
03/23/2026 06:19:30,33172,33173.048780487804878048780488,0.5387980983993785,80,37,2653815,1227413,41
03/23/2026 06:20:00,33175,33174.857142857142857142857143,0.3499271061118826,0,62,0,2056849,7
03/23/2026 06:20:30,33196,33183.9,6.606057825965498,10,373,331851,12377977,40
03/23/2026 06:21:00,33196,33194.277777777777777777777778,1.5918387535438228,14,28,464739,929424,18
03/23/2026 06:21:30,33191,33191,0,2,0,66382,0,2
03/23/2026 06:22:00,33193,33192.6,0.4898979485566356,0,5,0,165963,5
03/23/2026 06:22:30,33190,33191.071428571428571428571429,1.486332289048915,58,12,1925039,398310,14
03/23/2026 06:23:00,33188,33187.590909090909090909090909,1.800482029121669,63,43,2090748,1427106,22
03/23/2026 06:23:30,33180,33183.684210526315789473684211,2.596609764956633,89,0,2953379,0,19
03/23/2026 06:24:00,33180,33180,0,9,0,298620,0,3
03/23/2026 06:24:30,33190,33185.166666666666666666666667,3.2871804872193366,1,13,33185,431386,6
03/23/2026 06:25:00,33200,33196.818181818181818181818182,2.757409252382382,0,21,0,697132,11
03/23/2026 06:26:00,33192,33197.25,3.112474899497183,7,7,232392,232384,4
03/23/2026 06:26:30,33185,33188,1.6583123951777,27,1,896093,33191,16
03/23/2026 06:27:00,33182,33182.166666666666666666666667,2.1147629234082532,5,2,165908,66370,6
03/23/2026 06:28:00,33172,33174.555555555555555555555556,3.4995590551163605,17,0,563966,0,9
03/23/2026 06:28:30,33173,33172.833333333333333333333333,0.37267799624996495,1,12,33172,398076,6
03/23/2026 06:29:00,33172,33172,0,13,0,431236,0,3
03/23/2026 06:29:30,33172,33172,0,1,0,33172,0,1
03/23/2026 06:31:00,33163,33168.075,3.6632465109517267,91,22,3018505,729611,40
03/23/2026 06:31:30,33163,33162.285714285714285714285714,0.45175395145262565,10,1,331621,33163,7
03/23/2026 06:32:00,33165,33164.625,0.4841229182759271,5,5,165820,165825,8
03/23/2026 06:32:30,33167,33167,0,4,0,132668,0,2
03/23/2026 06:33:00,33167,33165.76,1.2737346662472526,84,3,2785900,99502,25
03/23/2026 06:33:30,33165,33165.761904761904761904761905,2.7063375692157754,20,14,663291,464342,21
03/23/2026 06:34:00,33166,33165.290322580645161290322581,0.4539112025635577,5,31,165825,1028125,31
03/23/2026 06:34:30,33165,33164.1875,1.2358574958303243,10,14,331620,464306,16
03/23/2026 06:35:00,33171,33169.454545454545454545454545,2.1685200803411933,38,61,1260496,2023325,22
03/23/2026 06:35:30,33172,33172,0,0,1,0,33172,1
03/23/2026 06:36:00,33188,33179.458333333333333333333333,6.4029886684960555,29,44,962174,1459754,24
03/23/2026 06:36:30,33187,33187,0,0,12,0,398244,7
03/23/2026 06:37:00,33186,33186,0,2,0,66372,0,1
03/23/2026 06:37:30,33183,33183,0,0,1,0,33183,1
03/23/2026 06:38:00,33179,33175.863636363636363636363636,3.3479363324218716,71,0,2355511,0,22
03/23/2026 06:39:00,33188,33183.409090909090909090909091,2.461689938918364,0,49,0,1625969,22
03/23/2026 06:39:30,33192,33193.454545454545454545454545,4.566617401354982,24,75,796537,2489437,33
03/23/2026 06:40:00,33195,33193,2.160246899469287,0,3,0,99579,3
03/23/2026 06:40:30,33199,33200.866666666666666666666667,2.578543947441829,3,52,99600,1726443,15
03/23/2026 06:41:00,33200,33198.5,1.0408329997330663,0,34,0,1128743,12
03/23/2026 06:41:30,33207,33205.24,2.3200000000000003,42,13,1394550,431692,25
03/23/2026 06:42:00,33207,33206.555555555555555555555556,0.9558139185602919,1,23,33205,763759,9
03/23/2026 06:42:30,33208,33210.1,0.9433981132056604,0,17,0,564575,10
03/23/2026 06:43:00,33206,33206,0,0,3,0,99618,3
03/23/2026 06:44:00,33214,33211.111111111111111111111111,1.712337223046938,17,133,564583,4417057,36
03/23/2026 06:44:30,33217,33217,0,3,1,99651,33217,4
03/23/2026 06:45:00,33214,33216.289473684210526315789474,2.4269093919377998,63,41,2092484,1361945,38
03/23/2026 06:45:30,33204,33210,3.541956316141483,27,7,896643,232483,22
03/23/2026 06:46:00,33202,33202,0,3,0,99606,0,1
03/23/2026 06:47:00,33204,33203,0.5773502691896257,23,5,763664,166020,6
03/23/2026 06:47:30,33200,33202,2,10,0,332028,0,2
03/23/2026 06:48:30,33209,33207.5,1.5,1,1,33206,33209,2
03/23/2026 06:49:00,33209,33206.666666666666666666666667,2.6246692913372702,0,10,0,332078,3
03/23/2026 06:50:00,33210,33204.5,3.278719262151,2,3,66404,99618,4
03/23/2026 06:50:30,33209,33209,0,1,0,33209,0,1
03/23/2026 06:51:00,33210,33210,0,0,1,0,33210,1
03/23/2026 06:51:30,33213,33213.166666666666666666666667,0.6871842709362768,0,13,0,431770,6
03/23/2026 06:52:00,33211,33211.333333333333333333333333,0.4714045207910317,3,0,99634,0,3
03/23/2026 06:53:30,33217,33215.5,1.5,1,1,33217,33214,2
03/23/2026 06:54:00,33220,33220,0,0,4,0,132880,3
03/23/2026 06:54:30,33225,33222.666666666666666666666667,1.8856180831641267,0,39,0,1295710,12
03/23/2026 06:55:00,33226,33226.25,0.82915619758885,12,26,398716,863884,12
03/23/2026 06:55:30,33222,33223,0.7071067811865476,9,0,299007,0,8
03/23/2026 06:56:00,33223,33223,0,0,4,0,132892,4
03/23/2026 06:56:30,33217,33219.5,1.5811388300841898,18,0,597949,0,8
03/23/2026 06:57:00,33218,33218,0,0,19,0,631142,12
03/23/2026 06:57:30,33219,33218,0.5773502691896257,3,5,99654,166090,6
03/23/2026 06:58:00,33221,33220.166666666666666666666667,0.9574271077563381,5,35,166095,1162728,18
03/23/2026 06:58:30,33231,33225.3,3.716180835212409,6,63,199326,2093115,20
03/23/2026 06:59:00,33229,33229.833333333333333333333333,0.8975274678557507,21,3,697837,99690,6
03/23/2026 06:59:30,33220,33223.75,2.0463381929681126,18,17,598016,564836,8
03/23/2026 07:00:00,33213,33215.4,1.9595917942265424,6,0,199290,0,5
03/23/2026 07:00:30,33209,33209.5,0.5,6,11,199254,365310,10
03/23/2026 07:01:00,33201,33205.882352941176470588235294,2.458654652236043,53,0,1759855,0,34
03/23/2026 07:01:30,33193,33199.285714285714285714285714,2.4764194033371023,298,3,9893539,99603,28
03/23/2026 07:02:00,33193,33192.363636363636363636363636,0.48104569292083466,28,50,929388,1659650,11
03/23/2026 07:02:30,33183,33181.5,3.344772040064913,52,10,1725443,331822,32
03/23/2026 07:05:00,33165,33170,2.9154759474226504,11,10,364891,331650,4
03/23/2026 07:06:00,33157,33161.4,5.314132102234569,15,51,497472,1691007,15
03/23/2026 07:06:30,33163,33164.5,2.0615528128088303,1,11,33166,364792,4
03/23/2026 07:07:00,33166,33165.25,0.4330127018922193,1,3,33165,99496,4
03/23/2026 07:07:30,33161,33164.777777777777777777777778,2.1487866228681907,9,7,298488,232139,9
03/23/2026 07:08:00,33157,33156.379310344827586206896552,3.0559584884282107,46,12,1525106,397921,29
03/23/2026 07:08:30,33154,33155.3,1.3820274961085255,85,5,2818193,165802,80
03/23/2026 07:09:00,33146,33149.724770642201834862385321,3.312117202068646,282,28,9348165,928186,109
03/23/2026 07:09:30,33149,33148.5,0.5,0,6,0,198893,2
03/23/2026 07:10:00,33137,33139.663265306122448979591837,3.4991074009069867,325,55,10769957,1822827,98
03/23/2026 07:10:30,33149,33143,3.826598638851107,19,39,629648,1292723,28
03/23/2026 07:11:00,33147,33144.916666666666666666666667,2.628635049264584,8,13,265142,430914,12
03/23/2026 07:11:30,33155,33155,2.6666666666666665,10,112,331542,3713353,36
03/23/2026 07:12:00,33149,33152.142857142857142857142857,2.5314350209527645,20,5,663056,165757,7
03/23/2026 07:12:30,33151,33151,0,1,0,33151,0,1
03/23/2026 07:13:00,33151,33151.125,0.33071891388307384,30,1,994530,33152,8
03/23/2026 07:13:30,33148,33150.2,1.469693845669907,7,1,232052,33152,5
03/23/2026 07:14:00,33154,33152.37037037037037037037037,2.2467779093486073,9,85,298386,2817929,27
03/23/2026 07:14:30,33150,33154,1.7728105208558367,7,4,232066,132621,7
03/23/2026 07:15:00,33150,33147.824175824175824175824176,5.476409761985837,195,86,6463330,2851326,91
03/23/2026 07:15:30,33155,33152.894736842105263157894737,1.9165412058982234,3,26,99450,861988,19
03/23/2026 07:16:00,33157,33156.705882352941176470588235,0.5703152773430976,1,37,33155,1226803,17
03/23/2026 07:16:30,33160,33159.1,1.972308292331602,2,84,66314,2785298,10
03/23/2026 07:17:00,33177,33172.894736842105263157894737,3.6977195937369043,9,44,298584,1459593,19
03/23/2026 07:17:30,33171,33172.413793103448275862068966,4.8602344301293225,32,44,1061491,1459640,29
03/23/2026 07:18:00,33174,33176.730769230769230769230769,1.8720143882519933,11,32,364944,1061657,26
03/23/2026 07:18:30,33169,33169.888888888888888888888889,1.6629588385661962,3,14,99519,464366,9
03/23/2026 07:19:00,33163,33167.3,2.8478061731796283,13,37,431190,1227180,20
03/23/2026 07:19:30,33177,33172.421052631578947368421053,3.9909870758166055,0,53,0,1758183,19
03/23/2026 07:20:00,33171,33175.35,2.7436289836637897,19,29,630365,962095,20
03/23/2026 07:20:30,33178,33174.666666666666666666666667,2.3570226039551585,0,3,0,99524,3
03/23/2026 07:21:00,33167,33164.4,5.136677383820649,108,10,3581667,331692,55
03/23/2026 07:21:30,33166,33165.5,0.5,1,1,33165,33166,2
03/23/2026 07:22:00,33165,33165.833333333333333333333333,1.2133516482134197,18,0,596980,0,6
03/23/2026 07:22:30,33162,33165,2.5495097567963922,16,8,530626,265301,8
03/23/2026 07:23:00,33167,33164.176470588235294117647059,1.2941176470588236,8,23,265310,762772,17
03/23/2026 07:23:30,33156,33161,2.804757862395017,73,0,2420835,0,15
03/23/2026 07:24:00,33159,33158.333333333333333333333333,0.9428090415820634,9,4,298421,132636,6
03/23/2026 07:24:30,33159,33159,0,10,0,331590,0,5
03/23/2026 07:25:00,33152,33154.411764705882352941176471,2.7665825920717286,209,0,6929271,0,17
03/23/2026 07:25:30,33153,33152.285714285714285714285714,0.45175395145262565,16,2,530432,66306,7
03/23/2026 07:26:00,33152,33152.125,0.33071891388307384,20,1,663040,33153,8
03/23/2026 07:26:30,33118,33127.567567567567567567567568,8.799182621357122,738,40,24455234,1324830,222
03/23/2026 07:27:00,33108,33109.875,4.417649261768073,104,45,3443702,1489887,64
03/23/2026 07:27:30,33102,33106.1,2.3,67,35,2218030,1158749,30
03/23/2026 07:28:00,33092,33091.492063492063492063492063,6.861725026928368,654,173,21642526,5724933,252
03/23/2026 07:28:30,33092,33091.736842105263157894736842,0.44034738238635557,8,48,264728,1588415,19
03/23/2026 07:29:00,33092,33089.235294117647058823529412,2.8394160908581574,32,66,1058758,2184009,51
03/23/2026 07:29:30,33092,33091.655172413793103448275862,0.6032019201564104,9,46,297817,1522232,29
03/23/2026 07:30:00,33061,33066.313984168865435356200528,8.85020994397985,682,540,22554465,17855264,379
03/23/2026 07:30:30,33071,33064.958333333333333333333333,3.6226045725263596,11,217,363746,7174982,48
03/23/2026 07:31:00,33067,33067.089285714285714285714286,3.77622631791073,74,78,2447051,2579216,56
03/23/2026 07:31:30,33067,33047.437288135593220338983051,17.21573874227887,948,355,31314751,11735600,295
03/23/2026 07:32:00,33074,33071.371428571428571428571429,2.2179232794371826,2,151,66140,4993736,35
03/23/2026 07:32:30,33074,33073.2,0.4,5,1,165365,33074,5
03/23/2026 07:33:00,33088,33078.828571428571428571428571,4.582486625563613,8,362,264613,11973333,35
03/23/2026 07:33:30,33090,33089.428571428571428571428571,0.4948716593053935,0,10,0,330894,7
03/23/2026 07:34:00,33089,33089,0,7,0,231623,0,3
03/23/2026 07:34:30,33089,33089.294117647058823529411765,0.4556450995538137,23,18,761047,595620,17
03/23/2026 07:35:00,33098,33087.307017543859649122807018,4.624737437748576,166,664,5492021,21972881,114
03/23/2026 07:35:30,33100,33099.571428571428571428571429,0.6226998490772391,8,48,264784,1588790,14
03/23/2026 07:36:00,33099,33090.962962962962962962962963,4.887485769470476,111,43,3673407,1422805,54
03/23/2026 07:36:30,33102,33101.26415094339622641509434,2.7067417117629127,64,65,2118355,2151656,53
03/23/2026 07:37:00,33096,33098.5,2.692582403567252,9,5,297873,165510,6
03/23/2026 07:37:30,33102,33100.5,3.3166247903554,14,6,463461,198600,8
03/23/2026 07:38:00,33102,33103.066666666666666666666667,2.2050447211388304,7,10,231719,331030,15
03/23/2026 07:38:30,33104,33102.666666666666666666666667,0.9428090415820634,3,7,99309,231717,9
03/23/2026 07:39:00,33107,33101.153846153846153846153846,3.5267364265685077,7,10,231705,331014,13
03/23/2026 07:39:30,33107,33104,1.632993161855452,6,16,198627,529653,6
03/23/2026 07:40:00,33119,33128.323232323232323232323232,8.784545983597848,148,123,4903304,4074650,99
03/23/2026 07:40:30,33127,33124.25,2.537222891273055,0,14,0,463756,8
03/23/2026 07:41:00,33126,33125.625,0.4841229182759271,20,22,662514,728772,16
03/23/2026 07:41:30,33111,33116.666666666666666666666667,6.721992649890743,90,25,2980938,827746,27
03/23/2026 07:42:00,33108,33110.875,2.6190408549696205,26,4,860894,132441,8
03/23/2026 07:42:30,33117,33109.315789473684210526315789,4.812840627222877,26,88,860711,2913815,57
03/23/2026 07:43:00,33106,33114.176470588235294117647059,5.055402399968329,47,12,1556321,397427,17
03/23/2026 07:43:30,33121,33114.714285714285714285714286,2.602981022612657,6,5,198678,165577,7
03/23/2026 07:44:00,33115,33114.285714285714285714285714,2.657296462534039,25,15,827856,496733,14
03/23/2026 07:44:30,33117,33120.6,1.8547236990991407,17,1,563071,33117,5
03/23/2026 07:45:00,33104,33102.753623188405797101449275,5.7063549550046195,216,10,7149880,331074,69
03/23/2026 07:45:30,33096,33098.333333333333333333333333,3.333333333333333,4,5,132404,165481,9
03/23/2026 07:46:00,33099,33099,0,0,1,0,33099,1
03/23/2026 07:46:30,33097,33096.222222222222222222222222,0.9162456945817024,2,10,66195,330959,9
03/23/2026 07:47:00,33099,33099,1.7728105208558367,0,12,0,397187,7
03/23/2026 07:47:30,33101,33099.3,2.0024984394500787,0,22,0,728192,10
03/23/2026 07:48:00,33111,33110.5,0.5,0,5,0,165553,2
03/23/2026 07:48:30,33115,33115,0,0,1,0,33115,1
03/23/2026 07:49:00,33114,33115.5625,1.0588171466310885,5,30,165570,993471,16
03/23/2026 07:49:30,33118,33118,0,0,1,0,33118,1
03/23/2026 07:50:00,33100,33101.735294117647058823529412,5.606240344102966,131,6,4336365,198605,34
03/23/2026 07:50:30,33108,33106.25,2.222048604328897,0,12,0,397280,8
03/23/2026 07:51:00,33110,33110,0.6324555320336759,9,3,297992,99328,5
03/23/2026 07:51:30,33115,33113.178571428571428571428571,1.9096291978992643,5,87,165580,2880796,28
03/23/2026 07:52:00,33112,33111.642857142857142857142857,1.0424656799518874,25,9,827786,298013,14
03/23/2026 07:52:30,33109,33110.666666666666666666666667,1.3743685418725535,0,15,0,496672,6
03/23/2026 07:53:00,33112,33112,0,0,1,0,33112,1
03/23/2026 07:53:30,33111,33111,0,0,1,0,33111,1
03/23/2026 07:54:00,33109,33110.285714285714285714285714,0.6998542122237652,3,11,99330,364219,7
03/23/2026 07:54:30,33109,33109,0,0,1,0,33109,1
03/23/2026 07:55:00,33109,33108.1,1.044030650891055,78,5,2582346,165549,10
03/23/2026 07:55:30,33129,33123.384615384615384615384615,11.3464611617908,74,685,2450214,22683561,91
03/23/2026 07:56:00,33129,33129,0,0,5,0,165645,3
03/23/2026 07:56:30,33139,33130.368421052631578947368421,2.252729953582389,0,442,0,14643806,38
03/23/2026 07:57:00,33138,33138,0,16,0,530208,0,4
03/23/2026 07:57:30,33138,33138,0,1,0,33138,0,1
03/23/2026 07:58:00,33127,33133,4.599771161355976,348,3,11531267,99381,19
03/23/2026 07:58:30,33126,33126,0,10,0,331260,0,3
03/23/2026 07:59:00,33125,33124.933333333333333333333333,0.5734883511361751,59,39,1954340,1291875,15
03/23/2026 07:59:30,33126,33126,0,0,16,0,530016,3
03/23/2026 08:00:00,33115,33110.194117647058823529411765,6.647686071394032,541,228,17914829,7549932,170
03/23/2026 08:00:30,33119,33111.145833333333333333333333,4.708102870465862,30,127,993177,4205151,48
03/23/2026 08:01:00,33116,33116.6,0.4898979485566356,2,10,66232,331170,5
03/23/2026 08:01:30,33116,33116.6,0.7118052168020874,6,37,198702,1225310,15
03/23/2026 08:02:00,33111,33114.142857142857142857142857,1.4568627181693672,19,0,629169,0,7
03/23/2026 08:02:30,33084,33085.303571428571428571428571,9.157197877035511,101,32,3341970,1058559,56
03/23/2026 08:03:00,33086,33085.096774193548387096774194,0.38977567656756684,14,104,463189,3440882,31
03/23/2026 08:03:30,33086,33086,0,0,73,0,2415278,10
03/23/2026 08:04:00,33089,33086.75,0.9682458365518543,0,50,0,1654306,8
03/23/2026 08:04:30,33089,33089,0,0,1,0,33089,1
03/23/2026 08:05:00,33076,33076.213592233009708737864078,9.202838824822905,339,24,11211454,794158,103
03/23/2026 08:05:30,33087,33083.125,3.9823830805184977,3,12,99243,397017,8
03/23/2026 08:06:00,33088,33087.5,0.5,0,10,0,330874,6
03/23/2026 08:06:30,33088,33089.666666666666666666666667,1.3333333333333333,48,3,1588342,99263,9
03/23/2026 08:07:00,33104,33093.742857142857142857142857,3.9158495312027006,0,70,0,2316528,35
03/23/2026 08:07:30,33101,33100.666666666666666666666667,2.5603819159562025,26,13,860678,430294,12
03/23/2026 08:08:00,33095,33098.75,2.277608394786075,9,5,297894,165481,4
03/23/2026 08:08:30,33091,33099.142857142857142857142857,4.569940233908601,18,25,595697,827552,21
03/23/2026 08:09:00,33093,33095,0.9128709291752769,3,24,99279,794286,12
03/23/2026 08:09:30,33090,33091,2.345207879911715,40,2,1323644,66192,12
03/23/2026 08:10:00,33088,33089.7,1.9519221295943134,10,11,330905,363962,10
03/23/2026 08:10:30,33088,33089.230769230769230769230769,3.9546242873929085,27,35,893345,1158187,26
03/23/2026 08:11:00,33079,33085.714285714285714285714286,3.1943828249996997,16,20,529360,661760,7
03/23/2026 08:11:30,33090,33087.5625,2.423033996872516,9,29,297811,959481,16
03/23/2026 08:12:00,33087,33084.8,1.16619037896906,0,30,0,992529,10
03/23/2026 08:12:30,33085,33085.666666666666666666666667,0.4714045207910317,5,3,165430,99255,3
03/23/2026 08:13:00,33084,33086.111111111111111111111111,1.5947444549341472,6,11,198529,363936,9
03/23/2026 08:13:30,33085,33089.714285714285714285714286,3.010186786529354,33,12,1092030,397020,7
03/23/2026 08:14:00,33085,33085.352941176470588235294118,0.7624400821656305,8,27,264680,893315,17
03/23/2026 08:14:30,33082,33084.714285714285714285714286,3.989782869648269,5,23,165437,760893,7
03/23/2026 08:15:00,33079,33076.64516129032258064516129,2.349308574972016,23,23,760743,760789,31
03/23/2026 08:15:30,33079,33078.933333333333333333333333,1.9136933459209764,7,33,231541,1091623,15
03/23/2026 08:16:00,33078,33077.714285714285714285714286,0.45175395145262565,4,13,132312,430009,7
03/23/2026 08:16:30,33077,33077,0,8,0,264616,0,4
03/23/2026 08:17:00,33077,33075.833333333333333333333333,0.6871842709362768,12,3,396904,99231,6
03/23/2026 08:17:30,33075,33076.230769230769230769230769,1.0490908997681427,49,25,1620685,826912,13
03/23/2026 08:18:00,33075,33074.454545454545454545454545,0.49792959773196915,5,16,165373,529193,11
03/23/2026 08:18:30,33075,33075.142857142857142857142857,1.2453996981544782,19,0,628419,0,7
03/23/2026 08:19:00,33078,33079.388888888888888888888889,1.2082535094961968,21,3,694665,99246,18
03/23/2026 08:19:30,33086,33084,1.5634719199411433,0,60,0,1985060,18
03/23/2026 08:20:00,33081,33081,1.044465935734187,25,26,827007,860136,22
03/23/2026 08:20:30,33081,33082,1.4142135623730951,1,9,33081,297738,6
03/23/2026 08:21:00,33077,33079.083333333333333333333333,1.552328000849763,33,2,1091570,66163,12
03/23/2026 08:21:30,33077,33077.333333333333333333333333,1.3333333333333333,12,7,396918,231557,9
03/23/2026 08:22:00,33080,33075.375,1.6153559979150107,19,7,628428,231534,16
03/23/2026 08:22:30,33096,33094,4.320493798938574,7,3,231672,99274,3
03/23/2026 08:23:00,33088,33089.166666666666666666666667,0.8975274678557507,11,5,363977,165455,6
03/23/2026 08:23:30,33079,33079,0,2,0,66158,0,1
03/23/2026 08:24:00,33066,33069.809523809523809523809524,2.718876652118133,64,9,2116496,297622,21
03/23/2026 08:25:00,33062,33064.6,1.3564659966250536,32,10,1058027,330668,20
03/23/2026 08:25:30,33062,33063.083333333333333333333333,1.3819269959814167,41,17,1355554,562086,12
03/23/2026 08:26:00,33056,33058.652173913043478260869565,1.462835116631367,49,20,1619860,661177,23
03/23/2026 08:26:30,33056,33055.666666666666666666666667,0.4714045207910317,44,18,1454420,595008,12
03/23/2026 08:27:00,33056,33055.6875,0.46351240544347894,107,95,3536885,3140320,64
03/23/2026 08:27:30,33056,33055.5,0.5,1,2,33055,66112,2
03/23/2026 08:28:00,33057,33056.2,2.2978250586152114,114,19,3768293,628102,50
03/23/2026 08:28:30,33058,33057,1.7320508075688772,109,20,3603024,661169,34
03/23/2026 08:29:00,33058,33058.941176470588235294117647,0.9374927912064251,18,19,595059,628110,17
03/23/2026 08:29:30,33062,33062,0,0,3,0,99186,2
03/23/2026 08:30:00,33058,33059.166666666666666666666667,0.7637626158259734,25,2,826468,66121,18
03/23/2026 08:30:30,33059,33059,0,0,3,0,99177,1
03/23/2026 08:31:00,33052,33056,2.0615528128088303,55,0,1818020,0,8
03/23/2026 08:31:30,33054,33053.5,0.5,0,4,0,132214,2
03/23/2026 08:32:00,33053,33052.875,0.7806247497997998,5,3,165262,99161,8
03/23/2026 08:32:30,33054,33054,0,0,4,0,132216,2
03/23/2026 08:33:00,33055,33054,1.3165611772087666,13,15,429693,495821,15
03/23/2026 08:33:30,33056,33053.714285714285714285714286,1.1605769149479943,7,4,231371,132223,7
03/23/2026 08:34:00,33054,33053.294117647058823529411765,1.0718157151934469,29,0,958550,0,17
03/23/2026 08:34:30,33063,33059.666666666666666666666667,2.494438257849294,0,19,0,628152,6
03/23/2026 08:35:00,33048,33049.326530612244897959183673,5.960371701537703,142,2,4693098,66096,49
03/23/2026 08:35:30,33047,33047,0,0,2,0,66094,1
03/23/2026 08:36:00,33042,33037.715686274509803921568627,3.858724392955786,259,113,8556611,3733035,102
03/23/2026 08:36:30,33041,33039.8,0.9797958971132712,9,0,297355,0,5
03/23/2026 08:37:00,33038,33040.384615384615384615384615,1.5951108733329016,19,8,627743,264336,13
03/23/2026 08:37:30,33041,33040.210526315789473684210526,1.0552598766191275,4,40,132152,1321613,19
03/23/2026 08:38:00,33038,33038.666666666666666666666667,0.9428090415820634,12,0,396468,0,6
03/23/2026 08:38:30,33032,33031.333333333333333333333333,5.06921785850339,258,87,8521720,2874058,99
03/23/2026 08:39:00,33020,33026.615384615384615384615385,4.142434467026542,53,16,1750398,528469,26
03/23/2026 08:39:30,33017,33018.4,0.8,25,2,825460,66038,10
03/23/2026 08:40:00,33007,33008.537313432835820895522388,3.9448752253462844,157,23,5182186,759209,67
03/23/2026 08:40:30,33009,33007.3,0.6403124237432849,11,21,363077,693150,10
03/23/2026 08:41:00,33011,33010.75,0.4330127018922193,6,6,198060,198066,4
03/23/2026 08:41:30,33024,33017.928571428571428571428571,4.233611860782127,4,23,132096,759410,14
03/23/2026 08:42:00,33025,33024.857142857142857142857143,0.3499271061118826,20,2,660490,66050,7
03/23/2026 08:43:00,33026,33026.666666666666666666666667,0.7453559924999299,1,12,33026,396321,6
03/23/2026 08:43:30,33027,33027,0,5,4,165135,132108,3
03/23/2026 08:44:00,33028,33028.470588235294117647058824,0.4991341984846218,0,58,0,1915648,17
03/23/2026 08:44:30,33028,33028.285714285714285714285714,0.880630571852711,1,18,33027,594515,7
03/23/2026 08:45:00,33032,33030.642857142857142857142857,1.630387458644761,12,16,396384,528481,14
03/23/2026 08:45:30,33038,33035.681818181818181818181818,1.2205201438270503,33,56,1090165,1849955,22
03/23/2026 08:46:00,33048,33045.777777777777777777777778,1.4740554623801776,0,23,0,760062,9
03/23/2026 08:46:30,33050,33049.5,0.5,10,3,330490,99150,4
03/23/2026 08:47:00,33055,33051,1.6832508230603465,0,46,0,1520345,12
03/23/2026 08:47:30,33056,33055.571428571428571428571429,0.4948716593053935,4,17,132220,561945,7
03/23/2026 08:48:00,33057,33056.6,0.66332495807108,0,61,0,2016440,10
03/23/2026 08:48:30,33056,33041.694117647058823529411765,9.022877497733212,210,22,6938289,727014,85
03/23/2026 08:49:00,33058,33058.666666666666666666666667,0.4714045207910317,1,4,33058,132236,3
03/23/2026 08:50:30,33059,33059,0,0,2,0,66118,2
03/23/2026 08:51:30,33058,33058,0,5,0,165290,0,4
03/23/2026 08:52:00,33057,33057.25,0.82915619758885,18,1,595038,33057,8
03/23/2026 08:52:30,33056,33056.666666666666666666666667,0.4714045207910317,24,10,793344,330570,3
03/23/2026 08:53:00,33057,33057,0,0,25,0,826425,5
03/23/2026 08:54:00,33050,33051.9,3.176476034853718,33,16,1090823,528788,10
03/23/2026 08:55:00,33035,33042.333333333333333333333333,5.6322484162386,59,3,1949615,99105,12
03/23/2026 08:55:30,33040,33039.5,0.5,9,0,297355,0,2
03/23/2026 08:56:00,33035,33039.714285714285714285714286,2.0503857277724746,8,5,264319,165205,7
03/23/2026 08:56:30,33035,33035,0,1,0,33035,0,1
03/23/2026 08:57:00,33033,33033.333333333333333333333333,0.4714045207910317,7,1,231231,33034,3
03/23/2026 08:57:30,33034,33034,0,0,1,0,33034,1
03/23/2026 08:58:00,33029,33025.253246753246753246753247,3.4388190518810915,379,127,12516023,4194459,154
03/23/2026 08:58:30,33021,33021,0,3,0,99063,0,1
03/23/2026 08:59:00,33034,33028.962264150943396226415094,12.258939386163084,29,229,957513,7564744,106
03/23/2026 08:59:30,33022,33024.6875,2.9094404530768454,12,21,396278,693542,16
03/23/2026 09:00:00,33007,33010.968571428571428571428571,2.843867731359774,648,231,21390454,7625861,350
03/23/2026 09:00:30,33009,33008.433333333333333333333333,2.944863701807305,201,75,6634483,2475799,150
03/23/2026 09:01:00,33004,33002.326612903225806451612903,1.9782530934561913,660,81,21780842,2673360,248
03/23/2026 09:01:30,33005,33004,1.8708286933869707,26,14,858013,462072,12
03/23/2026 09:02:00,33003,33004.555555555555555555555556,1.2570787221094177,5,9,165016,297048,9
03/23/2026 09:02:30,33007,33005.384615384615384615384615,2.271511240035908,3,28,99009,924150,13
03/23/2026 09:03:00,33011,33007.2,2.1354156504062622,5,1,165034,33008,5
03/23/2026 09:03:30,33012,33012.333333333333333333333333,0.4714045207910317,2,1,66024,33013,3
03/23/2026 09:04:00,33017,33016,1.5491933384829668,6,18,198099,594302,5
03/23/2026 09:04:30,33018,33019.583333333333333333333333,1.2555432644432802,12,19,396217,627386,12
03/23/2026 09:05:00,33018,33020,1.224744871391589,7,1,231145,33018,4
03/23/2026 09:05:30,33019,33020.8,1.2489995996796797,1,15,33019,495318,10
03/23/2026 09:06:00,33008,33012.428571428571428571428571,3.1102201510110343,20,0,660237,0,14
03/23/2026 09:07:00,33020,33020.047619047619047619047619,2.6810834781446182,21,21,693432,693412,21
03/23/2026 09:07:30,33016,33018.666666666666666666666667,1.8856180831641267,0,5,0,165088,3
03/23/2026 09:08:00,33016,33016,0,0,2,0,66032,1
03/23/2026 09:08:30,33008,33011,3,2,0,66022,0,2
03/23/2026 09:09:00,33014,33010.714285714285714285714286,1.8294640678379568,0,33,0,1089374,14
03/23/2026 09:09:30,33013,33013,0,0,1,0,33013,1
03/23/2026 09:10:00,33011,33011.714285714285714285714286,1.4846149779161804,1,19,33010,627221,7
03/23/2026 09:10:30,33017,33014.727272727272727272727273,3.0775110690565013,6,13,198099,429203,11
03/23/2026 09:11:00,33017,33017.333333333333333333333333,0.4714045207910317,9,1,297157,33017,3
03/23/2026 09:11:30,33014,33020.346153846153846153846154,2.277689579921989,11,100,363168,3302062,52
03/23/2026 09:12:00,33004,33005.333333333333333333333333,2.748737083745107,42,0,1386310,0,18
03/23/2026 09:12:30,33014,33017.949152542372881355932203,4.2721951996822956,7,126,231107,4160274,59
03/23/2026 09:13:00,33013,33008.411764705882352941176471,3.630893967531992,128,7,4224998,231053,51
03/23/2026 09:14:00,33015,33014.333333333333333333333333,2.5603819159562025,8,8,264098,264132,12
03/23/2026 09:14:30,33017,33017,0,0,5,0,165085,2
03/23/2026 09:15:00,33030,33022.96875,3.2642416328298984,34,30,1122708,990787,32
03/23/2026 09:15:30,33027,33030.607142857142857142857143,1.1445300256401474,24,9,792731,297287,28
03/23/2026 09:16:00,33027,33034.571428571428571428571429,4.181266936860036,89,123,2940444,4063244,63
03/23/2026 09:16:30,33031,33030,1.4142135623730951,0,5,0,165152,3
03/23/2026 09:17:00,33027,33028.25,1.7853571071357126,3,1,99086,33027,4
03/23/2026 09:17:30,33026,33026,0,1,5,33026,165130,3
03/23/2026 09:18:00,33016,33019,3.605551275463989,20,0,660443,0,8
03/23/2026 09:18:30,33014,33013.75,0.4330127018922193,2,4,66026,132056,4
03/23/2026 09:19:00,33017,33018.75,2.9047375096555625,22,24,726458,792400,24
03/23/2026 09:19:30,33026,33024,2.8284271247461903,0,3,0,99072,3
03/23/2026 09:20:00,33032,33036.357142857142857142857143,6.757082452161296,14,27,462574,891987,14
03/23/2026 09:21:00,33046,33046,0,20,10,660920,330460,4
03/23/2026 09:22:00,33036,33036,0,0,1,0,33036,1
03/23/2026 09:22:30,33040,33039.666666666666666666666667,0.4714045207910317,0,3,0,99119,3
03/23/2026 09:23:00,33044,33045.4,1.019803902718557,1,19,33044,627858,5
03/23/2026 09:23:30,33045,33045,0,0,2,0,66090,2
03/23/2026 09:24:00,33045,33045,0,0,2,0,66090,1
03/23/2026 09:24:30,33050,33049.4,0.4898979485566356,12,7,396588,231350,5
03/23/2026 09:25:00,33050,33050,0,0,3,0,99150,2
03/23/2026 09:25:30,33054,33053.307692307692307692307692,3.2435644065089257,6,35,198322,1156825,13
03/23/2026 09:26:00,33055,33055,0,0,20,0,661100,11
03/23/2026 09:26:30,33055,33055,0,0,44,0,1454420,9
03/23/2026 09:27:00,33055,33054.5,0.5,1,1,33054,33055,2
03/23/2026 09:27:30,33055,33054.833333333333333333333333,0.37267799624996495,1,13,33054,429715,6
03/23/2026 09:28:00,33056,33055.047619047619047619047619,0.21295885499997996,0,36,0,1189989,21
03/23/2026 09:28:30,33057,33056.5,0.5,10,6,330567,198342,4
03/23/2026 09:29:00,33057,33057,0,0,4,0,132228,2
03/23/2026 09:29:30,33057,33057,0,0,1,0,33057,1
03/23/2026 09:30:00,33056,33056,0,4,0,132224,0,4
03/23/2026 09:30:30,33057,33057,0,0,3,0,99171,3
03/23/2026 09:32:00,33057,33057,0,0,4,0,132228,2
03/23/2026 09:32:30,33057,33056.142857142857142857142857,0.3499271061118826,10,1,330560,33057,7
03/23/2026 09:33:00,33050,33052.1,2.0223748416156684,29,0,958498,0,10
03/23/2026 09:33:30,33050,33050,0,5,0,165250,0,3
03/23/2026 09:34:00,33050,33050,0,0,3,0,99150,2
03/23/2026 09:35:00,33048,33048.4,0.4898979485566356,4,3,132192,99147,5
03/23/2026 09:35:30,33033,33037.4,3.6110940170535577,29,1,958091,33033,15
03/23/2026 09:36:00,33037,33036.222222222222222222222222,1.4740554623801776,31,38,1024128,1255351,18
03/23/2026 09:37:00,33038,33038,0,1,0,33038,0,1
03/23/2026 09:37:30,33034,33036,1.4142135623730951,16,0,528559,0,5
03/23/2026 09:38:00,33031,33031,0,2,0,66062,0,1
03/23/2026 09:38:30,33034,33034.8,1.6,19,5,627676,165160,5
03/23/2026 09:40:00,33030,33030.5,0.5,23,6,759690,198186,8
03/23/2026 09:40:30,33028,33029.142857142857142857142857,0.8329931278350429,18,0,594529,0,7
03/23/2026 09:41:00,33020,33024.2,1.8601075237738274,37,50,1221860,1651300,20
03/23/2026 09:41:30,33015,33015.5,0.5,2,6,66030,198096,2
03/23/2026 09:42:00,33019,33016.083333333333333333333333,0.9537935951882998,12,28,396188,924448,12
03/23/2026 09:43:00,33020,33019.5,0.5,3,1,99057,33020,2
03/23/2026 09:43:30,33025,33022.875,1.165922381636102,22,11,726495,363266,16
03/23/2026 09:44:00,33027,33025.857142857142857142857143,0.6388765649999399,15,10,495383,330262,7
03/23/2026 09:44:30,33021,33024.47619047619047619047619,1.5620209016054023,53,0,1750280,0,21
03/23/2026 09:45:00,33024,33025.285714285714285714285714,0.6998542122237652,8,0,264203,0,7
03/23/2026 09:45:30,33027,33026.4,0.4898979485566356,3,25,99078,825668,5
03/23/2026 09:46:30,33035,33034.333333333333333333333333,0.4714045207910317,2,1,66068,33035,3
03/23/2026 09:47:30,33016,33019.52380952380952380952381,4.0310585590606305,67,5,2212424,165080,21
03/23/2026 09:48:00,33006,33011.6,3.0506829836393465,43,0,1419487,0,15
03/23/2026 09:48:30,33005,33005.636363636363636363636364,0.48104569292083466,10,6,330055,198036,11
03/23/2026 09:49:00,33000,33002.096774193548387096774194,1.5934308432552864,204,4,6732341,132016,31
03/23/2026 09:49:30,33002,33002.2,0.4,12,1,396024,33003,5
03/23/2026 09:50:00,33000,33000.538461538461538461538462,0.5704768066996664,56,1,1848017,33002,26
03/23/2026 09:50:30,33000,33000,0,35,0,1155000,0,6
03/23/2026 09:51:00,33000,33000.333333333333333333333333,0.4714045207910317,9,4,297000,132004,6
03/23/2026 09:51:30,33000,33000.25,0.4330127018922193,318,10,10494000,330010,12
03/23/2026 09:52:00,33000,33000.571428571428571428571429,0.4948716593053935,62,11,2046000,363011,7
03/23/2026 09:52:30,33000,33000.571428571428571428571429,0.4948716593053935,23,11,759000,363011,7
03/23/2026 09:53:00,33000,33000,0,176,0,5808000,0,23
03/23/2026 09:53:30,33000,33000,0,19,0,627000,0,8
03/23/2026 09:54:00,32982,32990.057971014492753623188406,5.367330208248532,196,23,6466531,758670,69
03/23/2026 09:54:30,32980,32981.647058823529411764705882,1.3694643208026842,36,1,1187341,32985,17
03/23/2026 09:55:00,32964,32970.618181818181818181818182,3.9010064393268333,131,81,4319209,2670688,55
03/23/2026 09:55:30,32954,32956.288888888888888888888889,2.9711368734859143,100,41,3295758,1351116,45
03/23/2026 09:56:00,32952,32952.325581395348837209302326,1.2889680428419552,160,77,5272224,2537364,43
03/23/2026 09:56:30,32954,32953.285714285714285714285714,0.45175395145262565,6,69,197724,2273768,14
03/23/2026 09:57:00,32951,32951.883720930232558139534884,0.9202957645306687,44,69,1449899,2273724,43
03/23/2026 09:57:30,32950,32951.083333333333333333333333,0.8620067027323833,16,8,527204,263616,12
03/23/2026 09:58:00,32950,32950.341463414634146341463415,0.6846667730545463,68,22,2240609,724913,41
03/23/2026 09:58:30,32958,32951.928571428571428571428571,1.850261978141231,4,67,131819,2207788,28
03/23/2026 09:59:00,32959,32956.764705882352941176470588,1.698768126846312,22,27,725032,889880,17
03/23/2026 09:59:30,32957,32960.208333333333333333333333,1.3063679505492403,143,46,4713290,1516184,48
03/23/2026 10:00:00,32949,32949.339181286549707602339181,2.299666242476136,263,80,8665562,2636095,171
03/23/2026 10:00:30,32954,32946.971428571428571428571429,3.4900051653861155,68,180,2240177,5930923,105
03/23/2026 10:01:00,32947,32945.954545454545454545454545,2.033297204213185,61,12,2009680,395377,44
03/23/2026 10:01:30,32952,32947.923076923076923076923077,1.9399261866028448,14,23,461247,757830,26
03/23/2026 10:02:00,32946,32945.835820895522388059701493,2.168960235973684,81,66,2668465,2174567,67
03/23/2026 10:02:30,32949,32948.5,1.224744871391589,2,27,65893,889630,8
03/23/2026 10:03:00,32946,32946.51020408163265306122449,1.8639704055151738,46,38,1515471,1252025,49
03/23/2026 10:03:30,32946,32946.192307692307692307692308,0.48192169562083337,23,6,757757,197682,26
03/23/2026 10:04:00,32947,32946.155172413793103448275862,3.139304360336093,61,32,2009686,1054361,58
03/23/2026 10:04:30,32946,32942.928571428571428571428571,1.1930923634635762,29,10,955328,329451,28
03/23/2026 10:05:00,32930,32935.886666666666666666666667,5.12710011171574,563,235,18542244,7740988,300
03/23/2026 10:05:30,32929,32927.622950819672131147540984,2.009517798992221,118,35,3885522,1152495,61
03/23/2026 10:06:00,32923,32918.722222222222222222222222,4.207210154478929,189,51,6222027,1678715,72
03/23/2026 10:06:30,32922,32921.631578947368421052631579,0.871207650381413,8,26,263370,855963,19
03/23/2026 10:07:00,32920,32920.2,1.446835627614047,41,47,1349713,1547270,30
03/23/2026 10:07:30,32932,32923.666666666666666666666667,4.0276819911981905,5,21,164615,691388,6
03/23/2026 10:08:00,32926,32926.189655172413793103448276,3.812216734764443,125,27,4115830,888931,58
03/23/2026 10:08:30,32931,32932.088235294117647058823529,2.356064104026827,34,67,1119723,2206436,34
03/23/2026 10:09:00,32940,32935.647058823529411764705882,2.2606916294794863,10,65,329332,2140856,34
03/23/2026 10:09:30,32933,32937,2.5144742283748487,46,46,1515012,1515184,31
03/23/2026 10:10:00,32939,32939.117647058823529411764706,1.5674014817028503,21,23,691708,757618,17
03/23/2026 10:10:30,32935,32935.2,0.4,10,0,329351,0,5
03/23/2026 10:11:30,32935,32936.30434782608695652173913,1.4576569229774095,16,37,526994,1218626,23
03/23/2026 10:12:00,32933,32934,0.5773502691896257,8,27,263471,889245,6
03/23/2026 10:12:30,32930,32930,0,0,3,0,98790,3
03/23/2026 10:13:00,32930,32928.888888888888888888888889,1.1967032904743342,7,4,230501,131719,9
03/23/2026 10:13:30,32930,32929.75,0.4330127018922193,2,3,65858,98790,4
03/23/2026 10:14:00,32934,32932.8,1.2489995996796797,3,11,98798,362269,10
03/23/2026 10:14:30,32935,32934.5,0.5,9,68,296406,2239580,10
03/23/2026 10:15:00,32935,32933.352941176470588235294118,1.2806788857104259,16,20,526920,658695,17
03/23/2026 10:15:30,32934,32934.039215686274509803921569,0.1941077438551307,74,10,2437116,329350,51
03/23/2026 10:16:00,32935,32935,0,0,36,0,1185660,3
03/23/2026 10:16:30,32935,32934.777777777777777777777778,0.41573970964154905,6,50,197604,1646750,9
03/23/2026 10:17:00,32935,32935,0,0,7,0,230545,7
03/23/2026 10:17:30,32938,32938,0,14,0,461132,0,3
03/23/2026 10:18:00,32924,32928.035714285714285714285714,4.858586970193985,184,18,6059647,592616,28
03/23/2026 10:18:30,32916,32920.5,2.5495097567963922,108,10,3555220,329230,16
03/23/2026 10:19:00,32851,32864.312130177514792899408284,28.439418133048495,2656,2646,87335659,86887362,676
03/23/2026 10:19:30,32822,32832.215116279069767441860465,5.443708069378694,542,76,17794662,2495386,172
03/23/2026 10:20:00,32768,32779.218181818181818181818182,17.782028147443164,2546,1496,83452589,49042704,935
03/23/2026 10:20:30,32720,32745.980952380952380952380952,17.21404794672125,887,538,29041244,17621387,420
03/23/2026 10:21:00,32711,32696.281800391389432485322896,10.167233809347227,1680,956,54935297,31257622,511
03/23/2026 10:21:30,32712,32701.63758389261744966442953,6.927442524787715,313,271,10234662,8863530,149
03/23/2026 10:22:00,32671,32700.819188191881918819188192,11.631192985393923,550,550,17983687,17989139,271
03/23/2026 10:22:30,32675,32675.98,2.8634943687739285,209,200,6829199,6535363,100
03/23/2026 10:23:00,32691,32688.060344827586206896551724,6.559132608108262,161,219,5262884,7158472,116
03/23/2026 10:23:30,32691,32690.658682634730538922155689,0.5971233946020555,68,593,2222905,19385680,167
03/23/2026 10:24:00,32678,32687.013888888888888888888889,5.245349939484907,200,289,6536835,9447297,144
03/23/2026 10:24:30,32676,32677.630434782608695652173913,1.7980508245001925,151,173,4934053,5653427,92
03/23/2026 10:25:00,32664,32674.372727272727272727272727,2.856759419371062,390,144,12742964,4705315,110
03/23/2026 10:25:30,32665,32657.142857142857142857142857,3.508008330802478,123,304,4016745,9927852,98
03/23/2026 10:26:00,32648,32648.493055555555555555555556,5.6285439795960475,264,338,8619979,11035313,144
03/23/2026 10:26:30,32650,32648.425531914893617021276596,0.6917348173195258,70,464,2285413,15148973,94
03/23/2026 10:27:00,32652,32651.685483870967741935483871,2.9344091439220605,344,874,11232650,28537096,248
03/23/2026 10:27:30,32649,32650.13375796178343949044586,1.1680215806033214,238,343,7770687,11199054,157
03/23/2026 10:28:00,32658,32650.054054054054054054054054,3.0040148445484336,153,346,4995386,11297305,148
03/23/2026 10:28:30,32710,32699.706840390879478827361564,23.37051900195584,156,1048,5099100,34271665,307
03/23/2026 10:29:00,32719,32718.444444444444444444444444,4.503770711002498,79,48,2584954,1570393,54
03/23/2026 10:29:30,32718,32716.421052631578947368421053,3.1730629865365363,86,94,2813791,3075185,57
03/23/2026 10:30:00,32667,32686.315508021390374331550802,13.424055554215458,206,305,6733114,9969628,187
03/23/2026 10:30:30,32645,32656.424908424908424908424908,6.648889472590158,442,175,14433630,5715431,273
03/23/2026 10:31:00,32640,32638.87037037037037037037037,3.1301774668438367,192,49,6266882,1599316,108
03/23/2026 10:31:30,32640,32639.9375,0.24206145913796356,10,31,326390,1011840,16
03/23/2026 10:32:00,32635,32634.961538461538461538461538,1.6442776271625714,115,70,3752994,2284562,78
03/23/2026 10:32:30,32682,32655.629213483146067415730337,10.901378144473615,25,283,816528,9240194,89
03/23/2026 10:33:00,32674,32673.932038834951456310679612,4.69922971568979,94,165,3071307,5391500,103
03/23/2026 10:33:30,32667,32668.3,2.297099620536007,37,20,1208699,653387,30
03/23/2026 10:34:00,32680,32671.586956521739130434782609,4.580564266344228,20,103,653349,3365304,46
03/23/2026 10:34:30,32665,32666.634146341463414634146341,3.3840090062223434,39,100,1273930,3266782,41
03/23/2026 10:35:00,32659,32658.102564102564102564102564,1.691530513073912,39,17,1273656,555209,39
03/23/2026 10:35:30,32655,32651.983050847457627118644068,3.8860529643176935,88,54,2873213,1763373,59
03/23/2026 10:36:00,32635,32631.102362204724409448818898,7.018350127663696,316,141,10311284,4600783,127
03/23/2026 10:36:30,32642,32635.055555555555555555555556,4.415530951114137,48,18,1566436,587430,18
03/23/2026 10:37:00,32633,32628.222222222222222222222222,5.137612454087507,428,28,13964210,913736,171
03/23/2026 10:37:30,32621,32624.356828193832599118942731,6.61199581201166,484,218,15788933,7113042,227
03/23/2026 10:38:00,32602,32612.157534246575342465753425,4.694339868050925,544,111,17740770,3620250,146
03/23/2026 10:38:30,32600,32604.025477707006369426751592,2.047054881773683,456,100,14866833,3260582,157
03/23/2026 10:39:00,32590,32593.415254237288135593220339,6.7281677955083685,506,190,16491615,6193246,236
03/23/2026 10:39:30,32587,32587.124324324324324324324324,5.0329404336160435,559,134,18214722,4367321,185
03/23/2026 10:40:00,32601,32585.052941176470588235294118,8.446552909640909,686,727,22347878,23693914,340
03/23/2026 10:40:30,32641,32617.365384615384615384615385,10.344134060783222,22,463,717319,15104783,52
03/23/2026 10:41:00,32651,32647.025641025641025641025641,2.9131635767638526,5,115,163213,3754366,39
03/23/2026 10:41:30,32668,32661.186046511627906976744186,5.595911356053937,9,93,293909,3037463,43
03/23/2026 10:42:00,32687,32673.561403508771929824561404,6.905420052418141,92,156,3005717,5097204,57
03/23/2026 10:42:30,32682,32681.935483870967741935483871,2.758394622765413,69,19,2255108,620910,31
03/23/2026 10:43:00,32683,32686.40625,2.302978709736588,36,31,1176729,1013274,32
03/23/2026 10:43:30,32683,32683.444444444444444444444444,1.3005222123021805,12,21,392185,686361,18
03/23/2026 10:44:00,32680,32681.076923076923076923076923,0.6153846153846154,20,1,653617,32682,13
03/23/2026 10:44:30,32678,32679.30434782608695652173913,1.231287152913591,46,33,1503238,1078436,23
03/23/2026 10:45:00,32657,32665.22131147540983606557377,5.558205122309862,163,88,5324686,2874698,122
03/23/2026 10:45:30,32647,32652.921965317919075144508671,3.309162732057228,519,245,16946568,8000509,346
03/23/2026 10:46:00,32631,32644.340425531914893617021277,5.312676913678767,74,12,2415590,391730,47
03/23/2026 10:46:30,32636,32631,3.3806170189140663,17,24,554713,783161,21
03/23/2026 10:47:00,32598,32595.701093560145808019441069,21.202216493171754,1578,776,51438077,25295197,823
03/23/2026 10:47:30,32606,32595.490196078431372549019608,5.865728141349539,117,99,3813690,3227189,51
03/23/2026 10:48:00,32593,32582.991266375545851528384279,11.332602142582134,523,177,17040899,5767604,229
03/23/2026 10:48:30,32608,32604.567567567567567567567568,4.0639518813690785,10,78,326002,2543175,37
03/23/2026 10:49:00,32603,32612.634920634920634920634921,4.213740137464831,227,95,7403649,3098084,63
03/23/2026 10:49:30,32612,32610.8,2.2568414506414345,36,5,1173971,163060,15
03/23/2026 10:50:00,32624,32616,2.9664793948382653,12,14,391381,456613,10
03/23/2026 10:50:30,32626,32627.793103448275862068965517,1.8076334375284355,40,17,1305102,554686,29
03/23/2026 10:51:00,32641,32640.388888888888888888888889,10.649146491041163,100,182,3266022,5940594,72
03/23/2026 10:51:30,32636,32636.947368421052631578947368,2.0640706895923766,28,15,913840,489540,19
03/23/2026 10:52:00,32650,32641.3,4.62709412050371,6,29,195834,946647,10
03/23/2026 10:52:30,32636,32638.444444444444444444444444,2.140151142695358,141,8,4602017,261077,18
03/23/2026 10:53:00,32635,32632.761904761904761904761905,1.8747637795266217,30,12,978995,391604,21
03/23/2026 10:53:30,32631,32631,0,1,0,32631,0,1
03/23/2026 10:54:00,32632,32630.1875,1.3331705629813464,29,12,946268,391584,16
03/23/2026 10:54:30,32632,32631.416666666666666666666667,0.8620067027323833,19,12,619989,391584,12
03/23/2026 10:55:00,32634,32629.636363636363636363636364,3.2269526089634266,20,28,652557,913690,22
03/23/2026 10:55:30,32625,32631.636363636363636363636364,2.853155422995494,111,19,3622306,619986,22
03/23/2026 10:56:00,32624,32624,0,1,18,32624,587232,11
03/23/2026 10:56:30,32610,32612.95,6.46896436842869,113,105,3686034,3424070,40
03/23/2026 10:57:00,32618,32610.382352941176470588235294,2.3516540597224322,0,180,0,5869818,68
03/23/2026 10:57:30,32622,32621,2.878491668515698,19,14,619822,456680,14
03/23/2026 10:58:00,32621,32621.5,0.8660254037844386,0,6,0,195728,4
03/23/2026 10:58:30,32613,32618.545454545454545454545455,2.807899129360091,80,3,2609601,97839,11
03/23/2026 10:59:00,32602,32605.511627906976744186046512,3.8238668668031783,104,1,3390980,32602,43
03/23/2026 10:59:30,32600,32601.12,0.7110555533852472,37,16,1206228,521632,25
03/23/2026 11:00:00,32570,32580.55,9.46961387578827,1111,559,36190391,18213068,460
03/23/2026 11:00:30,32595,32579.067415730337078651685393,8.486337668830735,49,301,1596864,9805943,89
03/23/2026 11:01:00,32594,32591.263157894736842105263158,1.7119427333990098,38,14,1238429,456316,19
03/23/2026 11:01:30,32603,32600.451612903225806451612903,1.7008292034147183,8,33,260813,1075774,31
03/23/2026 11:02:00,32614,32610.391304347826086956521739,2.240712822039152,1,71,32612,2315357,23
03/23/2026 11:02:30,32595,32609.178571428571428571428571,4.097504217975441,85,1,2771872,32613,28
03/23/2026 11:03:00,32596,32595.75,0.4330127018922193,22,41,717092,1336436,12
03/23/2026 11:03:30,32598,32597.125,0.7806247497997998,4,17,130384,554158,8
03/23/2026 11:04:00,32597,32597.75,0.4330127018922193,4,2,130390,65196,4
03/23/2026 11:04:30,32598,32598.75,0.4330127018922193,4,4,130394,130396,4
03/23/2026 11:05:00,32579,32578.088328075709779179810726,13.25550023496349,681,625,22188139,20360628,317
03/23/2026 11:05:30,32521,32548.436018957345971563981043,17.36489980646995,1432,396,46608857,12891515,422
03/23/2026 11:06:00,32505,32491.668202764976958525345622,12.524061744354261,1402,3600,45552830,116970969,1085
03/23/2026 11:06:30,32510,32507.33527696793002915451895,8.036078113974567,474,503,15409995,16352000,343
03/23/2026 11:07:00,32504,32504.408045977011494252873563,3.3235737029296724,162,189,5265879,6143143,174
03/23/2026 11:07:30,32558,32557.019138755980861244019139,23.36929685766979,152,380,4950747,12370151,209
03/23/2026 11:08:00,32517,32504.385300668151447661469933,23.12791692236788,528,604,17161720,19637531,449
03/23/2026 11:08:30,32600,32573.966597077244258872651357,30.962347176851214,329,876,10715283,28536786,479
03/23/2026 11:09:00,32600,32595.828358208955223880597015,5.935632495818595,106,162,3454891,5281372,134
03/23/2026 11:09:30,32604,32601.969298245614035087719298,1.9475412836190227,226,463,7367965,15095776,228
03/23/2026 11:10:00,32606,32598.94696969696969696969697,15.862961622071843,676,1613,22031351,52592415,264
03/23/2026 11:10:30,32644,32632.69683257918552036199095,7.69459109042796,118,565,3850357,18438038,221
03/23/2026 11:11:00,32658,32650.043010752688172043010753,5.3197016217049615,58,176,1893582,5747195,93
03/23/2026 11:11:30,32645,32650.791304347826086956521739,2.51429185180799,158,228,5158759,7444425,115
03/23/2026 11:12:00,32683,32680.613333333333333333333333,13.198545374396378,113,523,3693457,17091552,225
03/23/2026 11:12:30,32651,32668.379310344827586206896552,7.967233730566663,103,74,3364528,2417579,58
03/23/2026 11:13:00,32646,32637.448275862068965517241379,5.497248257688454,276,115,9007664,3753553,145
03/23/2026 11:13:30,32624,32626.301886792452830188679245,9.16841359018936,187,48,6101174,1565626,53
03/23/2026 11:14:00,32611,32608.8,1.4236104336041748,4,35,130428,1141313,15
03/23/2026 11:14:30,32616,32613.166666666666666666666667,3.4359213546813834,38,88,1239511,2869851,42
03/23/2026 11:15:00,32624,32614.220588235294117647058824,4.297213831403176,27,87,880480,2837679,68
03/23/2026 11:15:30,32620,32621.475409836065573770491803,5.744866724693743,172,72,5610882,2348760,61
03/23/2026 11:16:00,32603,32613.714285714285714285714286,4.630569821387892,176,152,5740259,4957256,63
03/23/2026 11:16:30,32648,32629.25,14.572662762858407,26,255,847980,8320361,80
03/23/2026 11:17:00,32641,32650.852272727272727272727273,5.980156148628852,183,257,5975156,8391530,88
03/23/2026 11:17:30,32674,32667.945945945945945945945946,15.931066504193689,140,388,4574444,12672415,111
03/23/2026 11:18:00,32664,32667.495495495495495495495495,9.116734315219679,191,275,6239583,8982274,111
03/23/2026 11:18:30,32640,32643.925925925925925925925926,9.486543787468124,122,54,3983586,1762434,54
03/23/2026 11:19:00,32646,32644.787234042553191489361702,6.741223357038351,61,56,1991486,1827965,47
03/23/2026 11:19:30,32635,32649.466666666666666666666667,6.696931303880075,105,138,3427597,4505405,60
03/23/2026 11:20:00,32602,32615.992481203007518796992481,11.542335438613202,191,274,6230430,8935183,133
03/23/2026 11:20:30,32628,32611.102941176470588235294118,9.034475970158054,161,138,5249498,4500602,68
03/23/2026 11:21:00,32635,32632.714285714285714285714286,4.868683767986278,36,35,1174897,1142171,28
03/23/2026 11:21:30,32654,32650.48,10.020459071320037,26,56,849113,1828166,25
03/23/2026 11:22:00,32641,32646.883720930232558139534884,5.612317443348225,105,42,3427999,1371183,43
03/23/2026 11:22:30,32652,32657.787234042553191489361702,7.046762257017488,28,98,914429,3200453,47
03/23/2026 11:23:00,32659,32662.382978723404255319148936,3.8951862899725165,72,81,2351746,2645664,47
03/23/2026 11:23:30,32667,32666.363636363636363636363636,2.2672661660618045,9,8,293982,261338,11
03/23/2026 11:24:00,32653,32663.432038834951456310679612,4.900241991096703,187,675,6107934,22047907,206
03/23/2026 11:24:30,32657,32649.209302325581395348837209,3.023613574538606,51,130,1665118,4244298,43
03/23/2026 11:25:00,32665,32659.684210526315789473684211,5.211855226600898,13,53,424539,1731084,19
03/23/2026 11:25:30,32670,32666.0625,2.4101024355823553,16,75,522677,2449906,16
03/23/2026 11:26:00,32669,32663.038461538461538461538462,3.6865740739020643,131,379,4278764,12379070,130
03/23/2026 11:26:30,32694,32677.398058252427184466019417,7.377925361331825,36,327,1176433,10685143,103
03/23/2026 11:27:00,32682,32682.892307692307692307692308,5.224566458047616,104,63,3398816,2059258,65
03/23/2026 11:27:30,32691,32687.685714285714285714285714,2.775108014077275,30,40,980583,1307543,35
03/23/2026 11:28:00,32699,32695.928571428571428571428571,2.4774493137178033,4,45,130775,1471325,28
03/23/2026 11:28:30,32712,32703.058823529411764705882353,4.331425362942375,19,187,621434,6115547,85
03/23/2026 11:29:00,32718,32714.85,1.6363068171953572,46,79,1504833,2584506,40
03/23/2026 11:29:30,32707,32721.157894736842105263157895,5.8046849611061235,170,101,5562369,3305131,114
03/23/2026 11:30:00,32705,32703.962264150943396226415094,3.0650941944400856,53,85,1733311,2779816,53
03/23/2026 11:30:30,32706,32705,0.3429971702850177,26,95,850325,3106979,34
03/23/2026 11:31:00,32692,32695.75,7.226127023842432,101,114,3302605,3727184,68
03/23/2026 11:31:30,32705,32693.581818181818181818181818,6.254281178349054,50,110,1634616,3596366,55
03/23/2026 11:32:00,32704,32702.117647058823529411764706,2.2978852923087776,4,41,130800,1340812,17
03/23/2026 11:32:30,32707,32707,1.3284223283101428,5,46,163533,1504520,17
03/23/2026 11:33:00,32711,32710.111111111111111111111111,0.936238863686262,4,107,130840,3500067,18
03/23/2026 11:33:30,32712,32712.823529411764705882352941,0.7058823529411765,15,180,490687,5888399,17
03/23/2026 11:34:00,32710,32711.142857142857142857142857,0.6388765649999399,79,2,2584096,65424,7
03/23/2026 11:34:30,32713,32712.96,1.148216007552586,20,117,654223,3827502,25
03/23/2026 11:35:00,32713,32712.25,1.0428326807307104,17,131,556095,4285466,20
03/23/2026 11:35:30,32712,32711.5,0.5,5,2,163555,65424,4
03/23/2026 11:36:00,32705,32706.933333333333333333333333,2.8158282775923835,112,11,3663561,359744,15
03/23/2026 11:36:30,32713,32711.307692307692307692307692,1.7709022204955907,8,40,261690,1308457,13
03/23/2026 11:37:00,32713,32708.079365079365079365079365,4.2735866030792735,168,52,5494612,1701067,63
03/23/2026 11:37:30,32711,32709.478260869565217391304348,2.1441440010326875,1,64,32708,2093445,23
03/23/2026 11:38:00,32712,32711.214285714285714285714286,0.9394961741404219,3,27,98130,883212,14
03/23/2026 11:38:30,32714,32712.769230769230769230769231,0.5756395979652218,9,57,294408,1864644,13
03/23/2026 11:39:00,32713,32711.833333333333333333333333,1.2801909579781012,10,209,327109,6837185,12
03/23/2026 11:39:30,32709,32709,0,1,0,32709,0,1
03/23/2026 11:40:00,32709,32709.25,1.6393596310755,0,7,0,228962,4
03/23/2026 11:40:30,32710,32709.875,0.9270248108869579,10,13,327099,425228,8
03/23/2026 11:41:00,32712,32711.6,0.8,1,9,32710,294408,5
03/23/2026 11:41:30,32714,32713.64,0.5571355310873648,34,483,1112239,15800853,50
03/23/2026 11:42:00,32739,32727.368421052631578947368421,8.9846488551743,42,423,1374682,13839462,57
03/23/2026 11:42:30,32746,32742.96875,2.038448782162554,19,57,622101,1866332,32
03/23/2026 11:43:00,32741,32742.857142857142857142857143,1.2453996981544782,22,11,720342,360181,14
03/23/2026 11:43:30,32740,32737.25,2.817356917396161,20,8,654728,261918,8
03/23/2026 11:44:00,32738,32738,0,4,0,130952,0,2
03/23/2026 11:44:30,32725,32732.266666666666666666666667,3.6417334089993765,77,8,2520413,261808,30
03/23/2026 11:45:00,32720,32721.833333333333333333333333,0.8975274678557507,16,1,523550,32723,6
03/23/2026 11:45:30,32728,32723.5,2.6457513110645907,5,21,163628,687161,8
03/23/2026 11:46:00,32728,32728,0,1,0,32728,0,1
03/23/2026 11:46:30,32738,32732.424242424242424242424242,3.045416854885118,20,61,654609,1996745,33
03/23/2026 11:47:00,32719,32729.897435897435897435897436,6.134370892429871,715,23,23403851,752778,39
03/23/2026 11:47:30,32722,32719,2.5205041512504174,55,24,1799578,785248,17
03/23/2026 11:48:00,32724,32719.428571428571428571428571,3.2450904833144416,35,21,1145304,687085,14
03/23/2026 11:48:30,32724,32724,0,1,0,32724,0,1
03/23/2026 11:49:00,32716,32721.333333333333333333333333,3.7712361663282534,45,0,1472524,0,12
03/23/2026 11:49:30,32715,32716.727272727272727272727273,2.1780270092201706,80,12,2617311,392612,11
03/23/2026 11:50:00,32713,32714.333333333333333333333333,1.5634719199411433,81,5,2649795,163570,9
03/23/2026 11:50:30,32707,32708.733333333333333333333333,1.6918103387266028,108,3,3532914,98121,15
03/23/2026 11:51:00,32717,32715.285714285714285714285714,3.010186786529354,10,18,327164,588771,7
03/23/2026 11:51:30,32719,32717.2,1.16619037896906,0,27,0,883362,5
03/23/2026 11:52:00,32723,32723,1.3627702877384937,13,74,425399,2421423,14
03/23/2026 11:52:30,32717,32719.416666666666666666666667,2.289771944005681,24,1,785257,32724,12
03/23/2026 11:53:00,32718,32716.777777777777777777777778,0.7856742013183862,5,34,163582,1112362,9
03/23/2026 11:53:30,32715,32715.941176470588235294117647,0.8381062852220592,86,60,2813608,1962938,34
03/23/2026 11:54:00,32718,32719.15,2.612948526090784,4,54,130872,1766790,20
03/23/2026 11:54:30,32725,32722.909090909090909090909091,1.5640591394622958,1,51,32721,1668886,11
03/23/2026 11:55:00,32730,32726.2,2.749545416973504,8,11,261792,360009,10
03/23/2026 11:55:30,32737,32736.071428571428571428571429,1.279748061940637,2,49,65468,1604056,14
03/23/2026 11:56:00,32731,32730.5,0.5,5,6,163650,196386,2
03/23/2026 11:56:30,32732,32731.033333333333333333333333,2.15225979431439,14,81,458244,2651242,30
03/23/2026 11:57:00,32733,32732.962962962962962962962963,0.18885257457751053,1,51,32732,1669383,27
03/23/2026 11:57:30,32729,32731.5,1.6881943016134133,11,21,360032,687393,10
03/23/2026 11:58:00,32730,32729.909090909090909090909091,0.28747978728803447,2,33,65458,1080090,22
03/23/2026 11:58:30,32727,32723.305555555555555555555556,2.9232729416457204,68,61,2225205,1996232,36
03/23/2026 11:59:00,32725,32721.818181818181818181818182,1.9917183909278766,7,17,229044,556266,11
03/23/2026 11:59:30,32729,32727.818181818181818181818182,1.465865045145191,8,54,261832,1767282,22
03/23/2026 12:00:00,32714,32702.186234817813765182186235,11.788183405836454,729,157,23839869,5133995,247
03/23/2026 12:00:30,32711,32706.925925925925925925925926,4.045353309900192,99,137,3238540,4480681,54
03/23/2026 12:01:00,32702,32702.577777777777777777777778,2.0383968525277556,145,4,4741725,130820,45
03/23/2026 12:01:30,32699,32698.866666666666666666666667,0.9213516640723501,89,10,2910193,327003,30
03/23/2026 12:02:00,32695,32687.246575342465753424657534,8.594010054664002,183,31,5981012,1013418,73
03/23/2026 12:02:30,32699,32699.285714285714285714285714,0.45175395145262565,6,7,196194,228895,7
03/23/2026 12:03:00,32681,32690,6.160028079964079,120,38,3922809,1242185,37
03/23/2026 12:03:30,32694,32688.916666666666666666666667,4.733890812241261,19,66,621166,2157018,12
03/23/2026 12:04:00,32690,32688.428571428571428571428571,1.049781318335648,0,12,0,392262,7
03/23/2026 12:04:30,32682,32687.5,4.092676385936225,36,5,1176688,163434,16
03/23/2026 12:05:00,32684,32684,0,91,0,2974244,0,18
03/23/2026 12:05:30,32677,32678.666666666666666666666667,2.3851391759997753,247,38,8072458,1241737,15
03/23/2026 12:06:00,32675,32675.75,0.4330127018922193,8,0,261407,0,4
03/23/2026 12:07:00,32685,32678.625,4.768057780690163,0,18,0,588202,8
03/23/2026 12:07:30,32674,32675.333333333333333333333333,2.211083193570267,11,1,359458,32674,6
03/23/2026 12:08:30,32677,32677,0,7,0,228739,0,4
03/23/2026 12:09:00,32655,32667.413793103448275862068966,7.3132720229273405,47,19,1535359,620680,29
03/23/2026 12:09:30,32656,32656,0,8,0,261248,0,3
03/23/2026 12:10:00,32634,32635.9,10.472564890446629,378,69,12336165,2252294,130
03/23/2026 12:10:30,32635,32634,1.8257418583505538,5,5,163171,163159,6
03/23/2026 12:11:00,32668,32657.407407407407407407407407,10.464257540363588,1,53,32642,1730691,27
03/23/2026 12:11:30,32671,32669.545454545454545454545455,0.655554777357089,0,35,0,1143429,11
03/23/2026 12:12:00,32691,32680.375,4.198479741865755,37,94,1209136,3071950,56
03/23/2026 12:12:30,32690,32693.9,2.5475478405713994,13,20,425047,653874,10
03/23/2026 12:13:00,32691,32691.4,0.8,1,4,32693,130764,5
03/23/2026 12:13:30,32692,32691.384615384615384615384615,1.5461347109416754,7,27,228846,882658,13
03/23/2026 12:14:00,32693,32696.428571428571428571428571,2.6289854746366212,21,34,686591,1111721,21
03/23/2026 12:14:30,32698,32695.666666666666666666666667,2.1343747458109497,5,41,163475,1340518,12
03/23/2026 12:15:00,32699,32697.333333333333333333333333,0.9428090415820634,0,27,0,882833,9
03/23/2026 12:15:30,32721,32708.888888888888888888888889,8.189122565639234,11,189,359896,6180580,27
03/23/2026 12:16:00,32716,32718.458333333333333333333333,1.7790251700174327,29,107,948832,3500889,24
03/23/2026 12:16:30,32712,32717.545454545454545454545455,2.9958649187789237,22,3,719824,98160,11
03/23/2026 12:17:00,32704,32711.384615384615384615384615,3.3635709398577607,19,4,621534,130816,13
03/23/2026 12:17:30,32735,32726.716981132075471698113208,6.2173747978549985,3,115,98134,3763709,53
03/23/2026 12:18:00,32732,32735,3.129675988800086,15,100,491018,3273572,39
03/23/2026 12:18:30,32747,32743.72972972972972972972973,5.207316311709634,10,190,327443,6221495,74
03/23/2026 12:19:00,32740,32744.928571428571428571428571,3.0346636837497143,76,22,2488381,720416,28
03/23/2026 12:19:30,32741,32739,3.251373336211726,7,6,229169,196435,7
03/23/2026 12:20:00,32756,32750.8,4.13763217311544,3,112,98265,3668054,25
03/23/2026 12:20:30,32760,32758.04,1.7545369759569047,6,35,196536,1146549,25
03/23/2026 12:21:00,32759,32759.142857142857142857142857,1.2453996981544782,0,22,0,720693,7
03/23/2026 12:21:30,32773,32766.166666666666666666666667,5.5622737157469055,14,88,458731,2883174,30
03/23/2026 12:22:00,32773,32774.153846153846153846153846,0.7692307692307693,6,43,196638,1409319,13
03/23/2026 12:22:30,32773,32773,0,1,16,32773,524368,5
03/23/2026 12:23:00,32757,32767.833333333333333333333333,5.07991688470939,17,1,557099,32757,6
03/23/2026 12:23:30,32749,32746.666666666666666666666667,4.353101761904372,52,19,1702935,622094,33
03/23/2026 12:24:00,32770,32761.595238095238095238095238,4.8602347768567515,0,116,0,3800469,42
03/23/2026 12:24:30,32757,32757,0,0,1,0,32757,1
03/23/2026 12:25:00,32714,32722.190677966101694915254237,16.044485230758355,639,147,20908211,4809634,236
03/23/2026 12:25:30,32716,32713.545454545454545454545455,2.9958649187789237,0,17,0,556138,11
03/23/2026 12:26:00,32714,32714,0,0,1,0,32714,1
03/23/2026 12:26:30,32709,32710.025,1.7675901674313532,16,85,523368,2780303,40
03/23/2026 12:27:00,32709,32710.454545454545454545454545,1.6160353486028343,25,4,817783,130840,11
03/23/2026 12:27:30,32711,32713.853658536585365853658537,3.032836357472591,1,120,32714,3925753,41
03/23/2026 12:28:00,32710,32710,0,2,0,65420,0,2
03/23/2026 12:28:30,32711,32711,0,0,2,0,65422,2
03/23/2026 12:29:00,32710,32710,0,6,0,196260,0,4
03/23/2026 12:29:30,32710,32710,0,1,0,32710,0,1
03/23/2026 12:30:00,32703,32706.296296296296296296296296,2.852092341952364,64,7,2093130,228956,27
03/23/2026 12:30:30,32725,32712.6875,6.602260503039849,0,44,0,1439234,16
03/23/2026 12:31:00,32728,32725.461538461538461538461538,1.0088366960464616,0,27,0,883590,13
03/23/2026 12:31:30,32728,32728,0,0,2,0,65456,1
03/23/2026 12:32:00,32731,32732.642857142857142857142857,1.493181782883348,2,14,65462,458261,14
03/23/2026 12:32:30,32732,32733.294117647058823529411765,1.1764705882352942,0,34,0,1112939,17
03/23/2026 12:33:00,32736,32732.8,1.6,1,9,32736,294588,5
03/23/2026 12:33:30,32737,32737,0,0,2,0,65474,1
03/23/2026 12:34:00,32737,32737,0,0,14,0,458318,7
03/23/2026 12:34:30,32739,32739.2,0.7483314773547882,2,8,65478,261918,5
03/23/2026 12:35:00,32734,32735,2.533114025595111,155,34,5073612,1113023,24
03/23/2026 12:35:30,32726,32732.454545454545454545454545,2.270908363053963,429,5,14042023,163670,11
03/23/2026 12:36:00,32726,32725.305882352941176470588235,0.9943786639583736,6,264,196353,8639499,85
03/23/2026 12:36:30,32724,32718.433333333333333333333333,3.913083467321164,70,11,2290309,359973,30
03/23/2026 12:37:00,32729,32725.283018867924528301886792,2.8442418394281166,0,114,0,3730768,53
03/23/2026 12:37:30,32727,32727,0,0,1,0,32727,1
03/23/2026 12:38:00,32728,32728,0,0,1,0,32728,1
03/23/2026 12:38:30,32733,32732.4,0.4898979485566356,0,12,0,392786,5
03/23/2026 12:39:00,32736,32736.5,0.5,9,1,294624,32737,2
03/23/2026 12:39:30,32736,32736.714285714285714285714286,0.45175395145262565,6,16,196416,523792,7
03/23/2026 12:40:00,32739,32737.3,1.6155494421403513,0,41,0,1342275,10
03/23/2026 12:40:30,32739,32738.965517241379310344827586,0.18246560765962697,9,176,294642,5762063,87
03/23/2026 12:41:00,32739,32739,0,0,248,0,8119272,6
03/23/2026 12:41:30,32750,32740.202531645569620253164557,3.487336028849598,62,754,2029737,24685827,158
03/23/2026 12:42:00,32743,32746,3.082207001484488,8,12,261988,392916,4
03/23/2026 12:42:30,32730,32732.76056338028169014084507,3.9609530391532424,105,441,3437390,14434814,142
03/23/2026 12:43:00,32727,32726.034482758620689655172414,3.746103802349662,21,60,687271,1963626,29
03/23/2026 12:43:30,32717,32723.435897435897435897435897,3.280047465219976,79,79,2585160,2585060,39
03/23/2026 12:44:00,32713,32713.458333333333333333333333,1.039998664529057,37,50,1210420,1635650,24
03/23/2026 12:44:30,32698,32700.686274509803921568627451,3.9827579176403276,77,102,2518129,3335306,51
03/23/2026 12:45:00,32711,32702.666666666666666666666667,5.14241620684717,5,30,163513,981007,9
03/23/2026 12:45:30,32725,32730.470588235294117647058824,8.461800997693544,52,67,1702390,2192448,34
03/23/2026 12:46:00,32723,32712.586206896551724137931034,4.13160435882763,60,19,1962754,621617,29
03/23/2026 12:46:30,32708,32715.294117647058823529411765,3.2677516264308584,1,35,32708,1145050,17
03/23/2026 12:47:00,32704,32702.428571428571428571428571,1.178030178747903,0,24,0,784853,7
03/23/2026 12:47:30,32704,32704,0,0,6,0,196224,1
03/23/2026 12:48:30,32700,32697.518518518518518518518519,1.8732101653928581,64,27,2092605,882880,27
03/23/2026 12:49:00,32700,32700.333333333333333333333333,1.0540925533894598,0,17,0,555902,9
03/23/2026 12:49:30,32701,32699.285714285714285714285714,1.4846149779161804,3,19,98098,621293,7
03/23/2026 12:50:00,32703,32692.508474576271186440677966,6.904611284867262,74,75,2418895,2452208,59
03/23/2026 12:50:30,32717,32708.956521739130434782608696,5.544117610189593,23,21,752396,686830,23
03/23/2026 12:51:00,32703,32710.625,5.91475908216049,11,5,359812,163578,8
03/23/2026 12:51:30,32713,32706.533333333333333333333333,4.112852484049915,63,13,2060439,425172,15
03/23/2026 12:52:00,32712,32711.428571428571428571428571,1.4982983545287878,2,16,65418,523385,7
03/23/2026 12:52:30,32716,32716.428571428571428571428571,1.4982983545287878,4,16,130868,523446,7
03/23/2026 12:53:00,32721,32719.5,1.5,1,10,32718,327210,2
03/23/2026 12:53:30,32728,32726.6,0.8,5,13,163633,425442,5
03/23/2026 12:54:00,32726,32726.571428571428571428571429,0.4948716593053935,31,0,1014525,0,7
03/23/2026 12:54:30,32728,32728,0,0,6,0,196368,2
03/23/2026 12:55:00,32704,32672.159544159544159544159544,35.47588826548615,1191,152,38899367,4968919,351
03/23/2026 12:55:30,32707,32705.380952380952380952380952,2.6810834781446182,32,25,1046615,817570,21
03/23/2026 12:56:00,32694,32699.75,2.0706279240848655,16,48,523178,1569573,20
03/23/2026 12:56:30,32700,32696.540540540540540540540541,2.6364861401637185,9,88,294267,2877245,37
03/23/2026 12:57:00,32705,32701.371428571428571428571429,0.7591617288906527,3,69,98103,2256409,35
03/23/2026 12:57:30,32706,32706.555555555555555555555556,0.4969039949999533,18,24,588708,784968,9
03/23/2026 12:58:00,32711,32706.631578947368421052631579,2.1572527928336,18,45,588700,1471786,19
03/23/2026 12:58:30,32706,32710.333333333333333333333333,1.3743685418725535,22,1,719634,32706,12
03/23/2026 12:59:00,32706,32706,0,12,0,392472,0,2
03/23/2026 12:59:30,32700,32702.285714285714285714285714,1.5779087167410373,36,0,1177242,0,7
03/23/2026 13:00:00,32690,32725.25984251968503937007874,27.64089535521945,289,864,9453690,28292418,381
03/23/2026 13:00:30,32696,32683.163265306122448979591837,6.958615094374273,186,128,6078750,4184008,147
03/23/2026 13:01:30,32698,32690.5,5.172040216394301,3,2,98056,65390,4
03/23/2026 13:02:00,32700,32695.952380952380952380952381,3.4430909490524226,7,39,228856,1275189,21
03/23/2026 13:02:30,32699,32699.75,0.8847248697974389,27,118,882894,3858567,84
03/23/2026 13:03:00,32696,32697.357142857142857142857143,0.9715336077668174,6,20,196178,653954,14
03/23/2026 13:03:30,32696,32691.222222222222222222222222,3.520662115056635,6,6,196136,196172,9
03/23/2026 13:04:00,32678,32682.166666666666666666666667,3.009245014211298,41,8,1339993,261424,24
03/23/2026 13:04:30,32677,32677.733333333333333333333333,0.7717224601860151,15,17,490156,555533,15
03/23/2026 13:05:00,32698,32702.956043956043956043956044,12.828892604142313,35,442,1144666,14455333,182
03/23/2026 13:05:30,32704,32706.538461538461538461538462,3.4777398632176357,18,9,588745,294321,13
03/23/2026 13:06:00,32700,32702,2.23606797749979,4,14,130802,457864,6
03/23/2026 13:06:30,32699,32700.8,2.227105745132009,4,2,130799,65404,5
03/23/2026 13:07:00,32702,32699.666666666666666666666667,1.699673171197595,1,3,32698,98100,3
03/23/2026 13:07:30,32709,32708,1,0,3,0,98123,2
03/23/2026 13:08:00,32709,32706.2,1.32664991614216,25,1,817649,32709,10
03/23/2026 13:08:30,32703,32703.5,0.5,4,0,130815,0,2
03/23/2026 13:09:00,32702,32702,0,4,0,130808,0,1
03/23/2026 13:09:30,32702,32702,0,5,0,163510,0,3
03/23/2026 13:10:00,32702,32702,0,3,0,98106,0,1
03/23/2026 13:10:30,32701,32701.5,0.5,11,1,359715,32702,4
03/23/2026 13:11:00,32702,32701.5,0.5,2,2,65402,65404,2
03/23/2026 13:11:30,32701,32701,0,3,0,98103,0,2
03/23/2026 13:12:00,32703,32702.285714285714285714285714,0.6998542122237652,1,14,32701,457832,7
03/23/2026 13:12:30,32702,32702.25,0.4330127018922193,10,2,327020,65406,4
03/23/2026 13:13:00,32707,32706.2,1.6,4,15,130828,490597,10
03/23/2026 13:13:30,32709,32708.166666666666666666666667,0.37267799624996495,0,14,0,457914,6
03/23/2026 13:14:00,32715,32714.5,2.4596747752497685,29,8,948764,261683,10
03/23/2026 13:14:30,32718,32711.686274509803921568627451,4.3678423626587675,63,44,2060891,1439278,51
03/23/2026 13:15:00,32721,32719.5,0.8660254037844386,2,4,65438,130878,4
03/23/2026 13:15:30,32721,32721.818181818181818181818182,0.8331955809010618,25,12,818055,392652,11
03/23/2026 13:16:00,32722,32722,0,1,0,32722,0,1
03/23/2026 13:16:30,32723,32723,0,1,19,32723,621737,7
03/23/2026 13:17:00,32724,32723.333333333333333333333333,0.4714045207910317,41,1,1341643,32724,3
03/23/2026 13:17:30,32725,32725,0,0,4,0,130900,1
03/23/2026 13:18:00,32726,32726,0,6,0,196356,0,1
03/23/2026 13:18:30,32723,32724,1,84,0,2748780,0,8
03/23/2026 13:19:00,32713,32709.125,5.9337488150409605,83,12,2715301,392455,40
03/23/2026 13:20:30,32714,32695.281512605042016806722689,19.98719533961578,698,387,22816184,12655313,238
03/23/2026 13:21:00,32714,32715,1,5,0,163578,0,2
03/23/2026 13:21:30,32714,32714.5,0.5,3,0,98144,0,2
03/23/2026 13:22:00,32710,32709,1,1,2,32708,65420,2
03/23/2026 13:22:30,32711,32711,0,0,1,0,32711,1
03/23/2026 13:23:00,32712,32711,1,2,1,65420,32712,2
03/23/2026 13:23:30,32710,32710.5,0.5,2,1,65420,32711,2
03/23/2026 13:24:00,32718,32713.25,3.491060010942235,5,18,163590,588834,4
03/23/2026 13:24:30,32718,32718,0,1,0,32718,0,1
03/23/2026 13:25:00,32712,32712,0,0,2,0,65424,1
03/23/2026 13:26:00,32712,32712,0,0,5,0,163560,2
03/23/2026 13:26:30,32708,32708,0,0,11,0,359788,2
03/23/2026 13:27:00,32703,32703,0,1,0,32703,0,1
03/23/2026 13:27:30,32701,32701,0,3,0,98103,0,1
03/23/2026 13:28:00,32701,32701,0,3,0,98103,0,1
03/23/2026 13:28:30,32702,32702,0,0,2,0,65404,2
03/23/2026 13:30:00,32700,32700.625,0.6959705453537527,10,5,327004,163510,8
03/23/2026 13:31:30,32700,32700,0,6,0,196200,0,3
03/23/2026 13:32:00,32700,32698.555555555555555555555556,0.8958064164776166,2,44,65400,1438740,18
03/23/2026 13:33:00,32701,32701,0,0,1,0,32701,1
03/23/2026 13:34:00,32719,32704.35483870967741935483871,5.908159404978051,5,115,163562,3760985,62
03/23/2026 13:34:30,32711,32715.666666666666666666666667,3.2998316455372216,7,0,229019,0,3
03/23/2026 13:35:30,32718,32709.333333333333333333333333,1.6193277068654823,1,76,32718,2485885,30
03/23/2026 13:36:00,32719,32718.333333333333333333333333,0.4714045207910317,4,12,130872,392628,6
03/23/2026 13:36:30,32739,32730.666666666666666666666667,7.71722460186015,1,54,32739,1767498,21
03/23/2026 13:37:00,32730,32733.857142857142857142857143,2.4743582965269675,32,10,1047504,327350,21
03/23/2026 13:37:30,32725,32723.833333333333333333333333,1.3437096247164249,2,14,65450,458113,6
03/23/2026 13:38:00,32722,32723,0.5,11,0,359954,0,8
03/23/2026 13:38:30,32732,32728.466666666666666666666667,3.844765561412324,11,20,360052,654488,15
03/23/2026 13:39:00,32740,32736,2.591193878173865,2,50,65476,1636770,14
03/23/2026 13:39:30,32739,32739,0,3,0,98217,0,2
03/23/2026 13:40:00,32739,32737,1.4142135623730951,1,4,32736,130950,3
03/23/2026 13:40:30,32740,32738.090909090909090909090909,2.3531234737354154,19,14,621973,458350,11
03/23/2026 13:41:00,32740,32740,0,0,22,0,720280,6
03/23/2026 13:42:00,32739,32739,0,0,9,0,294651,4
03/23/2026 13:42:30,32740,32739.5,0.5,10,1,327390,32740,2
03/23/2026 13:43:00,32740,32740,0,0,10,0,327400,5
03/23/2026 13:43:30,32738,32739.428571428571428571428571,0.7284313590846836,34,8,1113127,261920,7
03/23/2026 13:44:00,32741,32743.178571428571428571428571,2.9887117557877128,1,72,32741,2357520,28
03/23/2026 13:44:30,32738,32738,0,1,0,32738,0,1
03/23/2026 13:45:00,32748,32742.8,3.0919249667480613,9,17,294691,556645,10
03/23/2026 13:45:30,32748,32747.25,0.82915619758885,1,10,32746,327476,4
03/23/2026 13:46:00,32750,32749.692307692307692307692308,0.9910845174403943,26,49,851507,1604744,13
03/23/2026 13:46:30,32748,32748,0,7,0,229236,0,3
03/23/2026 13:47:00,32747,32747,0,2,0,65494,0,1
03/23/2026 13:47:30,32746,32746.777777777777777777777778,0.41573970964154905,48,9,1571821,294723,9
03/23/2026 13:48:00,32746,32746.25,0.4330127018922193,7,1,229222,32747,4
03/23/2026 13:48:30,32748,32747.125,0.5994789404140899,1,23,32746,753185,8
03/23/2026 13:49:00,32748,32747.666666666666666666666667,0.4714045207910317,12,10,392964,327480,6
03/23/2026 13:49:30,32749,32748.777777777777777777777778,0.41573970964154905,4,20,130992,654980,9
03/23/2026 13:50:00,32749,32749,0,0,2,0,65498,2
03/23/2026 13:50:30,32749,32748.75,0.4330127018922193,1,10,32748,327490,4
03/23/2026 13:51:00,32749,32748.8,0.4,3,9,98244,294741,5
03/23/2026 13:51:30,32749,32748.75,0.4330127018922193,3,5,98244,163745,4
03/23/2026 13:52:00,32750,32749.666666666666666666666667,0.4714045207910317,0,18,0,589489,6
03/23/2026 13:52:30,32751,32750.222222222222222222222222,0.41573970964154905,0,20,0,655003,9
03/23/2026 13:53:00,32751,32751,0,0,2,0,65502,2
03/23/2026 13:53:30,32749,32748.615384615384615384615385,1.6426274233894327,103,34,3372992,1113465,26
03/23/2026 13:54:00,32747,32746.75,0.4330127018922193,10,1,327468,32747,4
03/23/2026 13:54:30,32748,32748.666666666666666666666667,0.7453559924999299,2,13,65496,425745,6
03/23/2026 13:55:00,32752,32751.875,0.33071891388307384,14,4,458528,131007,8
03/23/2026 13:55:30,32756,32755.083333333333333333333333,1.1873172373979173,11,5,360310,163777,12
03/23/2026 13:56:00,32754,32755.333333333333333333333333,0.9428090415820634,6,2,196536,65508,3
03/23/2026 13:56:30,32754,32754,0,0,10,0,327540,3
03/23/2026 13:57:00,32754,32754,0,0,1,0,32754,1
03/23/2026 13:58:00,32754,32754,0,0,10,0,327540,3
03/23/2026 13:58:30,32754,32754,0,0,17,0,556818,10
03/23/2026 13:59:00,32750,32751,1.5275252316519468,12,3,393028,98249,6
03/23/2026 14:00:00,32757,32749.666666666666666666666667,1.818118685772619,0,66,0,2161466,24
03/23/2026 14:01:00,32755,32756.666666666666666666666667,0.7453559924999299,1,21,32755,687897,6
03/23/2026 14:01:30,32757,32756.777777777777777777777778,0.7856742013183862,1,13,32756,425842,9
03/23/2026 14:02:00,32758,32757,1,0,4,0,131026,2
03/23/2026 14:02:30,32758,32757.5,0.5,0,20,0,655148,8
03/23/2026 14:03:00,32749,32751.857142857142857142857143,3.356382892705923,22,12,720524,393034,14
03/23/2026 14:04:00,32750,32748.75,0.82915619758885,0,6,0,196493,4
03/23/2026 14:04:30,32733,32741.540540540540540540540541,5.5243666365333635,141,35,4616286,1145993,37
03/23/2026 14:05:00,32728,32730.083333333333333333333333,1.411756195508118,12,62,392730,2029282,24
03/23/2026 14:05:30,32735,32730.833333333333333333333333,2.1147629234082532,0,14,0,458237,6
03/23/2026 14:06:00,32735,32729.434782608695652173913043,3.187285705758479,32,14,1047287,458250,23
03/23/2026 14:06:30,32735,32733,1.6733200530681511,8,3,261852,98202,5
03/23/2026 14:07:30,32733,32733.2,0.9797958971132712,10,18,327330,589202,5
03/23/2026 14:08:00,32735,32733.625,0.6959705453537527,13,12,425529,392809,8
03/23/2026 14:08:30,32715,32709.65625,6.675246757299189,252,21,8242855,686924,96
03/23/2026 14:09:00,32727,32719.514285714285714285714286,3.8050449861911977,6,85,196294,2781072,35
03/23/2026 14:09:30,32728,32728.214285714285714285714286,1.0809104250301111,8,15,261829,490911,14
03/23/2026 14:10:00,32713,32708.56,8.015385205964838,151,67,4939073,2191005,75
03/23/2026 14:10:30,32713,32713,0,0,1,0,32713,1
03/23/2026 14:11:00,32715,32716.25,2.384848003542364,1,5,32715,163576,4
03/23/2026 14:11:30,32725,32720,3.295017884191656,3,5,98166,163599,7
03/23/2026 14:12:00,32723,32721.6,3.3823069050575527,4,6,130896,196312,5
03/23/2026 14:13:00,32729,32729.75,1.299038105676658,5,3,163641,98193,4
03/23/2026 14:13:30,32724,32724,0,0,5,0,163620,3
03/23/2026 14:14:00,32724,32724.166666666666666666666667,0.37267799624996495,0,13,0,425414,6
03/23/2026 14:15:00,32721,32722.333333333333333333333333,0.9428090415820634,9,3,294503,98163,6
03/23/2026 14:15:30,32713,32714.142857142857142857142857,2.8996833043120627,13,1,425260,32716,7
03/23/2026 14:16:00,32710,32712.125,2.2603926650031405,3,11,98130,359827,8
03/23/2026 14:16:30,32715,32714.25,1.299038105676658,2,3,65424,98145,4
03/23/2026 14:17:00,32704,32704.857142857142857142857143,1.355261854357877,9,4,294341,130818,7
03/23/2026 14:17:30,32716,32711.777777777777777777777778,3.010270485365348,0,21,0,686941,9
03/23/2026 14:18:00,32707,32707.272727272727272727272727,3.277773886785445,16,11,523269,359796,11
03/23/2026 14:18:30,32719,32717.8,1.9390719429665317,2,5,65438,163582,5
03/23/2026 14:19:00,32713,32714.333333333333333333333333,1.247219128924647,1,3,32713,98146,3
03/23/2026 14:20:00,32706,32706,1.2403473458920846,3,18,98117,588708,13
03/23/2026 14:22:00,32711,32711.428571428571428571428571,0.4948716593053935,11,3,359821,98136,7
03/23/2026 14:22:30,32700,32705.235294117647058823529412,2.818623188402574,19,16,621362,523312,17
03/23/2026 14:23:00,32710,32706.636363636363636363636364,3.9834367818557532,3,29,98130,948498,11
03/23/2026 14:23:30,32707,32707,0,0,3,0,98121,3
03/23/2026 14:24:00,32705,32705,0,2,1,65410,32705,3
03/23/2026 14:24:30,32705,32704.8,0.4,5,2,163524,65410,5
03/23/2026 14:25:30,32703,32695.285714285714285714285714,4.7509397566616824,151,45,4936530,1471475,49
03/23/2026 14:26:00,32704,32701.807692307692307692307692,1.41473647367304,0,66,0,2158314,26
03/23/2026 14:26:30,32709,32704.424242424242424242424242,2.387217259543167,5,85,163548,2779790,33
03/23/2026 14:27:00,32703,32706.142857142857142857142857,1.9219462924391015,3,26,98111,850378,14
03/23/2026 14:27:30,32703,32703,0,0,2,0,65406,2
03/23/2026 14:28:30,32699,32700,0.7071067811865476,2,2,65400,65400,4
03/23/2026 14:29:00,32699,32698.5,0.5,1,1,32698,32699,2
03/23/2026 14:30:00,32696,32696,0,0,7,0,228872,4
03/23/2026 14:31:00,32698,32698.2,0.4,0,6,0,196189,5
03/23/2026 14:32:00,32708,32702.6,4.309679029038397,10,64,327101,2092904,30
03/23/2026 14:32:30,32693,32697.2,3.8418745424597094,23,2,752025,65386,10
03/23/2026 14:33:00,32693,32693,0.7071067811865476,6,9,196153,294244,4
03/23/2026 14:33:30,32698,32692.25,2.222048604328897,30,9,980735,294282,8
03/23/2026 14:34:00,32712,32707.8,5.635601121442148,3,19,98133,621362,10
03/23/2026 14:34:30,32703,32706.166666666666666666666667,2.7938424357067015,8,23,261689,752230,12
03/23/2026 14:35:00,32702,32702.25,0.82915619758885,0,8,0,261617,4
03/23/2026 14:35:30,32709,32709,0.7071067811865476,1,9,32710,294379,4
03/23/2026 14:36:00,32716,32713.8,1.469693845669907,10,19,327150,621559,10
03/23/2026 14:36:30,32718,32716.75,0.82915619758885,0,21,0,687049,8
03/23/2026 14:37:00,32717,32716.25,0.4330127018922193,2,7,65432,229013,4
03/23/2026 14:37:30,32725,32722.4,3.2,2,3,65450,98162,5
03/23/2026 14:38:00,32722,32720.2,4.512205669071391,17,7,556241,229048,10
03/23/2026 14:38:30,32711,32714.214285714285714285714286,2.9320536788248273,21,3,686986,98142,14
03/23/2026 14:39:00,32714,32710.448275862068965517241379,5.216592935521671,37,27,1210259,883218,29
03/23/2026 14:39:30,32712,32712,0,3,0,98136,0,2
03/23/2026 14:40:00,32708,32708,0,0,1,0,32708,1
03/23/2026 14:40:30,32702,32703,1,2,1,65404,32704,2
03/23/2026 14:41:00,32708,32702.75,3.031088913245535,0,10,0,327024,4
03/23/2026 14:41:30,32703,32703.8,1.7204650534085253,7,2,228919,65406,5
03/23/2026 14:42:00,32711,32709.25,1.299038105676658,0,10,0,327088,4
03/23/2026 14:42:30,32714,32713,1.6733200530681511,2,9,65430,294408,5
03/23/2026 14:43:00,32721,32718.8125,1.589762167747113,14,14,458059,458067,16
03/23/2026 14:43:30,32725,32720.357142857142857142857143,2.091040166900635,4,30,130876,981602,14
03/23/2026 14:44:00,32720,32716,3.559026084010437,9,3,294434,98157,9
03/23/2026 14:44:30,32729,32724.923076923076923076923077,2.0176733920929233,0,33,0,1079914,13
03/23/2026 14:45:00,32727,32727,1.118033988749895,8,10,261808,327280,8
03/23/2026 14:45:30,32718,32718.333333333333333333333333,0.4714045207910317,6,0,196310,0,3
03/23/2026 14:46:00,32715,32713.25,1.7853571071357126,5,3,163558,98145,4
03/23/2026 14:46:30,32713,32712.666666666666666666666667,1.247219128924647,4,1,130846,32714,3
03/23/2026 14:47:00,32711,32710.666666666666666666666667,0.4714045207910317,11,6,359810,196266,6
03/23/2026 14:47:30,32713,32711.666666666666666666666667,0.9428090415820634,0,9,0,294403,3
03/23/2026 14:48:00,32711,32711.833333333333333333333333,0.37267799624996495,50,0,1635567,0,6
03/23/2026 14:48:30,32715,32715.238095238095238095238095,2.2446711903605094,46,27,1504765,883330,21
03/23/2026 14:49:00,32712,32711.666666666666666666666667,0.4714045207910317,27,11,883198,359832,6
03/23/2026 14:49:30,32700,32709.809523809523809523809524,3.7112319558854696,82,2,2682252,65429,21
03/23/2026 14:50:00,32704,32705.5,2.611786471254603,6,29,196221,948489,14
03/23/2026 14:50:30,32702,32701,0.816496580927726,5,1,163502,32702,3
03/23/2026 14:51:00,32714,32707.285714285714285714285714,5.573259772323188,0,13,0,425181,7
03/23/2026 14:51:30,32716,32713.2,2.6381811916545836,11,32,359854,1046771,10
03/23/2026 14:52:30,32716,32716,0,0,1,0,32716,1
03/23/2026 14:53:30,32716,32716,0,1,0,32716,0,1
03/23/2026 14:54:00,32717,32717,0,0,1,0,32717,1
03/23/2026 14:54:30,32719,32717.875,0.9270248108869579,6,9,196304,294463,8
03/23/2026 14:55:00,32730,32722.988372093023255813953488,4.208226124789486,26,102,850875,3337863,86
03/23/2026 14:55:30,32742,32748.827751196172248803827751,10.192125453440553,249,511,8154548,16736003,418
03/23/2026 14:56:00,32738,32740.36,1.1271202242884297,0,59,0,1931698,25
03/23/2026 14:56:30,32736,32735.666666666666666666666667,0.5634361698190111,8,23,261887,752918,21
03/23/2026 14:57:00,32734,32734,0,0,4,0,130936,1
03/23/2026 14:57:30,32734,32733.666666666666666666666667,0.4714045207910317,1,2,32733,65468,3
03/23/2026 14:58:00,32731,32731.142857142857142857142857,0.8329931278350429,6,5,196383,163655,7
03/23/2026 14:59:00,32740,32733.447368421052631578947368,3.1346733937235887,0,90,0,2945901,38
03/23/2026 14:59:30,32757,32754.373737373737373737373737,5.452431314941872,16,185,524103,6059453,99
03/23/2026 15:00:00,32775,32768.796178343949044585987261,6.068335749671504,217,351,7111375,11502118,157
03/23/2026 15:00:30,32777,32776.888888888888888888888889,1.696037502497083,11,27,360556,884931,18
03/23/2026 15:01:00,32779,32778.333333333333333333333333,0.4714045207910317,0,3,0,98335,3
03/23/2026 15:01:30,32784,32789.775510204081632653061224,5.313691618568282,57,262,1868921,8590457,98
03/23/2026 15:02:00,32780,32780.615384615384615384615385,2.3051267790417995,8,31,262263,1016149,13
03/23/2026 15:02:30,32776,32776.333333333333333333333333,0.4714045207910317,7,6,229433,196658,6
03/23/2026 15:03:00,32771,32772,0.8528028654224418,19,7,622661,229401,11
03/23/2026 15:03:30,32767,32768.25,1.920286436967152,30,8,983077,262139,12
03/23/2026 15:04:00,32773,32772,0.7071067811865476,1,3,32772,98316,4
03/23/2026 15:04:30,32779,32776,2.3533936216582085,0,50,0,1638747,13
03/23/2026 15:05:00,32782,32777.861111111111111111111111,2.2626530369086857,52,13,1704479,426126,36
03/23/2026 15:05:30,32769,32780.168,6.153679874676615,216,44,7080314,1442517,125
03/23/2026 15:06:00,32775,32772.755102040816326530612245,3.0541414655559893,49,75,1605775,2457983,49
03/23/2026 15:06:30,32765,32767.8,2.3151673805580453,27,10,884724,327680,15
03/23/2026 15:07:00,32770,32766.076923076923076923076923,3.4521239495872114,17,18,557023,589792,13
03/23/2026 15:07:30,32767,32766.875,2.1469455046647083,18,5,589793,163835,8
03/23/2026 15:08:00,32746,32752.842105263157894736842105,5.479753719924366,32,9,1048054,294751,19
03/23/2026 15:08:30,32758,32751.259259259259259259259259,4.757781871859201,38,51,1244552,1670175,27
03/23/2026 15:09:00,32751,32755.285714285714285714285714,2.710523708715754,4,10,131025,327546,7
03/23/2026 15:09:30,32760,32759.571428571428571428571429,0.9035079029052513,11,12,360349,393124,7
03/23/2026 15:10:30,32759,32759.6,0.4898979485566356,5,4,163795,131040,5
03/23/2026 15:11:00,32757,32759,1.6035674514745464,17,7,556920,229304,7
03/23/2026 15:11:30,32750,32752.25,2.8613807855648994,11,0,360261,0,4
03/23/2026 15:12:00,32744,32746.111111111111111111111111,2.469567863432541,5,6,163733,196479,9
03/23/2026 15:12:30,32743,32743.25,0.4330127018922193,12,3,392916,98232,8
03/23/2026 15:13:00,32743,32743,0.816496580927726,6,2,196453,65488,3
03/23/2026 15:13:30,32746,32744.785714285714285714285714,0.7726181304565691,0,17,0,556661,14
03/23/2026 15:14:00,32741,32736.30434782608695652173913,3.7408994804051168,191,73,6252434,2389692,92
03/23/2026 15:14:30,32728,32735.133333333333333333333333,3.7570674142947653,6,16,196410,523752,15
03/23/2026 15:15:00,32717,32716.756097560975609756097561,4.195121951219512,92,81,3010476,2649835,41
03/23/2026 15:15:30,32722,32724.6875,0.982264602843857,9,18,294519,589051,16
03/23/2026 15:16:00,32728,32727.3,3.2264531609803355,10,10,327281,327260,10
03/23/2026 15:16:30,32724,32731.684210526315789473684211,3.0096796748412205,7,28,229130,916473,19
03/23/2026 15:17:00,32736,32733.181818181818181818181818,1.1134044285378082,10,6,327329,196410,11
03/23/2026 15:17:30,32735,32735.230769230769230769230769,0.4213250442347432,24,5,785640,163680,13
03/23/2026 15:18:00,32736,32734.666666666666666666666667,0.9428090415820634,0,11,0,360078,3
03/23/2026 15:18:30,32735,32735,0,1,0,32735,0,1
03/23/2026 15:20:00,32735,32735.5,0.5,15,11,491025,360096,12
03/23/2026 15:20:30,32736,32736,0,0,4,0,130944,1
03/23/2026 15:22:00,32731,32732.857142857142857142857143,1.6413036132965795,7,6,229135,196393,7
03/23/2026 15:22:30,32720,32725.142857142857142857142857,3.4817307448439827,6,7,196362,229061,7
03/23/2026 15:23:00,32725,32723.7,2.3685438564654024,41,23,1341711,752629,20
03/23/2026 15:23:30,32730,32719,5.536591564658364,84,28,2748161,916353,52
03/23/2026 15:24:00,32726,32722.833333333333333333333333,2.5440562537456244,8,3,261782,98169,6
03/23/2026 15:24:30,32719,32718.5,0.5,0,3,0,98155,2
03/23/2026 15:25:00,32721,32718,1.7320508075688772,3,1,98151,32721,4
03/23/2026 15:25:30,32722,32721.25,0.4330127018922193,6,2,196326,65444,4
03/23/2026 15:26:00,32721,32721,0,2,0,65442,0,1
03/23/2026 15:27:00,32721,32721,0,10,0,327210,0,3
03/23/2026 15:27:30,32739,32733.506024096385542168674699,7.693485734464406,52,184,1702359,6022800,83
03/23/2026 15:28:00,32740,32739.083333333333333333333333,0.4930066485916347,7,18,229171,589307,12
03/23/2026 15:28:30,32740,32739.333333333333333333333333,0.4714045207910317,5,1,163695,32740,3
03/23/2026 15:29:30,32751,32744.833333333333333333333333,4.336537277085895,0,16,0,523922,6
03/23/2026 15:30:00,32753,32752.5,0.7071067811865476,0,20,0,655053,8
03/23/2026 15:30:30,32756,32753.428571428571428571428571,1.049781318335648,0,21,0,687828,7
03/23/2026 15:31:00,32766,32762.071428571428571428571429,3.217458751301488,1,42,32764,1375971,14
03/23/2026 15:31:30,32768,32767.777777777777777777777778,0.9162456945817024,0,20,0,655353,9
03/23/2026 15:32:00,32759,32760.51020408163265306122449,4.664772230061258,79,28,2588125,917282,49
03/23/2026 15:32:30,32751,32752.11,5.416447175040111,200,99,6550030,3242840,100
03/23/2026 15:33:00,32764,32753.166666666666666666666667,6.35653644334362,50,139,1637098,4552933,60
03/23/2026 15:34:00,32752,32751,1,2,1,65500,32752,2
03/23/2026 15:37:00,32753,32753,0,1,0,32753,0,1
03/23/2026 15:37:30,32754,32754,0,0,4,0,131016,4
03/23/2026 15:38:30,32754,32754,0,0,18,0,589572,3
03/23/2026 15:39:00,32754,32754,0,0,1,0,32754,1
03/23/2026 15:39:30,32752,32754.1,2.211334438749598,31,1,1015346,32758,10
03/23/2026 15:40:00,32760,32758,1.2649110640673518,2,9,65514,294823,5
03/23/2026 15:40:30,32761,32761,0,1,0,32761,0,1
03/23/2026 15:41:00,32770,32764.428571428571428571428571,2.9692299558323607,3,7,98283,229357,7
03/23/2026 15:41:30,32762,32765.555555555555555555555556,3.3035708327374453,23,6,753632,196591,9
03/23/2026 15:42:00,32765,32764.615384615384615384615385,2.646869312936193,15,5,491451,163847,13
03/23/2026 15:42:30,32770,32769.5,0.5,0,2,0,65539,2
03/23/2026 15:43:00,32771,32770.888888888888888888888889,0.7370277311900889,3,25,98310,819273,9
03/23/2026 15:43:30,32771,32771.333333333333333333333333,0.4714045207910317,5,3,163855,98316,3
03/23/2026 15:44:00,32772,32772,0,0,2,0,65544,2
03/23/2026 15:44:30,32772,32772,0,0,9,0,294948,1
03/23/2026 15:45:00,32780,32774.238095238095238095238095,2.843618786063546,5,53,163855,1736996,21
03/23/2026 15:45:30,32768,32774,3.3380918415851206,31,6,1015976,196656,14
03/23/2026 15:46:00,32760,32762.666666666666666666666667,2.494438257849294,20,4,655246,131052,9
03/23/2026 15:46:30,32759,32759.666666666666666666666667,0.4714045207910317,2,22,65518,720720,3
03/23/2026 15:48:30,32760,32759.75,0.4330127018922193,2,4,65518,131040,4
03/23/2026 15:50:30,32760,32759.75,0.4330127018922193,1,13,32759,425880,4
03/23/2026 15:51:00,32760,32759.25,0.4330127018922193,5,2,163795,65520,4
03/23/2026 15:51:30,32786,32775.5,9.340770846134703,0,195,0,6389189,24
03/23/2026 15:52:00,32792,32788.083333333333333333333333,1.6051133570215184,24,146,786888,4787133,36
03/23/2026 15:53:00,32792,32791,1.6903085094570331,3,11,98361,360707,7
03/23/2026 15:53:30,32791,32791.470588235294117647058824,1.143660123248446,14,43,459068,1410046,17
03/23/2026 15:54:00,32791,32790.875,0.5994789404140899,6,7,196746,229539,8
03/23/2026 15:54:30,32779,32786.2,3.3105890714493698,25,8,819616,262312,10
03/23/2026 15:55:00,32781,32781,0,0,7,0,229467,1
03/23/2026 15:55:30,32791,32782.083333333333333333333333,4.768967975941499,21,6,688361,196740,12
03/23/2026 15:56:30,32789,32784.333333333333333333333333,3.2998316455372216,6,2,196692,65578,3
03/23/2026 15:57:00,32778,32778,0,6,0,196668,0,1
03/23/2026 15:57:30,32786,32781,3.082207001484488,6,3,196670,98353,4
