<TICKER>;<PER>;<DATE>;<TIME>;<OPEN>;<HIGH>;<LOW>;<CLOSE>;<VOL>
MTSS;D;200103;000000;321;322.85;320.65;322.1;2600000
MTSS;D;200106;000000;322.7;323.45;321.3;323.45;1227090
MTSS;D;200108;000000;323.4;328.5;321.7;328.15;3799120
MTSS;D;200109;000000;318.35;324.4;315.65;324.3;3661320
MTSS;D;200110;000000;324.05;324.05;319.25;319.4;3721570
MTSS;D;200113;000000;319.45;320.5;316.65;319.45;2963690
MTSS;D;200114;000000;319.75;321.4;317.2;317.3;2687340
MTSS;D;200115;000000;317.15;319.55;315.4;318.65;2192260
MTSS;D;200116;000000;318.5;319.8;317;319.8;1828300
MTSS;D;200117;000000;320;322;317.75;321.15;2620370
MTSS;D;200120;000000;322.15;327.2;321.95;327.2;2755350
MTSS;D;200121;000000;326;330.5;323.6;328.7;3297860
MTSS;D;200122;000000;329.15;334.15;329;333.8;4031920
MTSS;D;200123;000000;332.95;334.9;326.05;329.95;2347890
MTSS;D;200124;000000;330.5;336.45;330.5;336.45;2209180
MTSS;D;200127;000000;335.25;336;325.1;326.75;4064180
MTSS;D;200128;000000;327;331.7;325.65;327.25;2390360
MTSS;D;200129;000000;327.9;328.75;326.25;328.5;1559110
MTSS;D;200130;000000;327.95;332.5;324.6;330.5;2726520
MTSS;D;200131;000000;331.1;333.5;326;326.4;2961980
MTSS;D;200203;000000;325.5;332.2;324.7;331.95;2906460
MTSS;D;200204;000000;331.9;336.1;330.55;332.95;2608650
MTSS;D;200205;000000;333.05;335.5;330.1;331.4;4782830
MTSS;D;200206;000000;333.2;334.5;329.45;331;2622130
MTSS;D;200207;000000;332.2;334.15;327.55;331;4175470
MTSS;D;200210;000000;331.05;332.8;326.85;330.7;2990330
MTSS;D;200211;000000;330;334.15;329.6;332.7;2870180
MTSS;D;200212;000000;333;340.45;331.05;339;3604720
MTSS;D;200213;000000;339.55;340.15;336.65;337.8;2673090
MTSS;D;200214;000000;338.2;341;338;340.55;2454000
MTSS;D;200217;000000;340.35;342.6;339.3;341;966270
MTSS;D;200218;000000;340.7;342.3;337.3;341.4;1876090
MTSS;D;200219;000000;341.4;348.9;341.1;348.1;3006690
MTSS;D;200220;000000;349.4;352.45;346.95;347.5;2814250
MTSS;D;200221;000000;347.2;353.05;344.25;348;2804020
MTSS;D;200225;000000;345.85;348;337.5;337.5;4331660
MTSS;D;200226;000000;336.9;342.7;330.4;339;4438550
MTSS;D;200227;000000;336.75;338.8;326;329;4361120
MTSS;D;200228;000000;322.3;333.3;307.25;320.5;7689590
MTSS;D;200302;000000;329.1;332.65;314.1;327.2;6643420
MTSS;D;200303;000000;333.4;335.4;325.05;328.25;6589970
MTSS;D;200304;000000;325.15;328.85;319.25;328.75;3769080
MTSS;D;200305;000000;331.55;331.55;324.5;329.55;3273980
MTSS;D;200306;000000;326.4;328.05;311.8;318.8;7511630
MTSS;D;200310;000000;299.95;321.35;293;294.8;12644580
MTSS;D;200311;000000;299.5;301.2;283.1;293.3;7903940
MTSS;D;200312;000000;287.1;299.9;271.7;272.95;12334060
MTSS;D;200313;000000;275.2;293.55;266;269;13742310
MTSS;D;200316;000000;270;272.9;255;267.1;7345540
MTSS;D;200317;000000;263.2;272;256.2;268.45;5505590
MTSS;D;200318;000000;262.25;268.4;253.35;256.75;5489970
MTSS;D;200319;000000;259;266.95;250.55;265.5;9630630
MTSS;D;200320;000000;270.8;283.3;270.35;276.5;14553460
MTSS;D;200323;000000;269.7;276.5;261;262.1;11364150
MTSS;D;200324;000000;270.1;280;268.85;280;9294100
MTSS;D;200325;000000;281.4;287.85;269.5;278.35;12698790
MTSS;D;200326;000000;279;287.65;272.25;285.95;8119960
MTSS;D;200327;000000;288.55;293;281.35;290;10211390
MTSS;D;200330;000000;287;297;283.25;296.95;4464570
MTSS;D;200331;000000;297.2;300.65;291;299.1;8015390
MTSS;D;200401;000000;297.55;299.75;294;297;3420570
MTSS;D;200402;000000;298.45;302.85;295.85;299.3;6520290
MTSS;D;200403;000000;298.5;304.4;295;295.6;8971440
MTSS;D;200406;000000;299.7;310.5;297.3;308.85;5073410
MTSS;D;200407;000000;310.55;314.55;306.2;308.7;5653550
MTSS;D;200408;000000;307.8;313.85;306.1;313.85;3368620
MTSS;D;200409;000000;314.65;314.7;308.95;310.45;5688530
MTSS;D;200410;000000;311.1;311.3;306.05;310.95;1755100
MTSS;D;200413;000000;310.9;311.35;303.55;308;2774730
MTSS;D;200414;000000;308.55;311.8;307.8;310.95;2886240
MTSS;D;200415;000000;311;311;300.75;304;5462180
MTSS;D;200416;000000;304.9;309.8;299.25;303.4;5599310
MTSS;D;200417;000000;306.35;309.85;304.4;305.35;3529350
MTSS;D;200420;000000;304.85;309.25;303.5;306;3463560
MTSS;D;200421;000000;303.85;304.95;293.5;302;6673840
MTSS;D;200422;000000;300.5;312.55;299.45;309.7;4803480
MTSS;D;200423;000000;312.2;314.25;306.65;314.25;3286360
MTSS;D;200424;000000;313.6;314.1;306.1;306.8;3563850
MTSS;D;200427;000000;308.2;311.95;307.3;311.4;3097330
MTSS;D;200428;000000;310.55;319.65;308.7;313.5;5076370
MTSS;D;200429;000000;315.05;323.15;313.5;319.2;6059490
MTSS;D;200430;000000;321.2;323.95;317.3;319.6;4749530
MTSS;D;200504;000000;315.05;318.05;312.35;316.55;2936790
MTSS;D;200505;000000;318.15;321.05;317.35;320.4;1743070
MTSS;D;200506;000000;321;321.9;317.55;318;2432010
MTSS;D;200507;000000;318.3;322.45;318;320.3;2507300
MTSS;D;200508;000000;321;326.6;320.5;325.3;2873930
MTSS;D;200512;000000;324.6;325.8;320.3;323.6;3459370
MTSS;D;200513;000000;322.5;324.4;318.05;318.45;6130060
MTSS;D;200514;000000;317.4;320.7;315.05;315.15;5377080
MTSS;D;200515;000000;318.15;322.35;318.05;320.15;3190410
MTSS;D;200518;000000;321.2;326.3;320.3;325.5;3553860
MTSS;D;200519;000000;326.35;328.85;324;327.25;2302490
MTSS;D;200520;000000;327.75;339.85;327;332.55;4973170
MTSS;D;200521;000000;333;337.95;328.3;328.7;3314380
MTSS;D;200522;000000;327.85;330.95;325.1;327.1;2817370
MTSS;D;200525;000000;327.25;332.35;326.85;332.2;1472080
MTSS;D;200526;000000;333.9;339;331.55;331.9;3778830
MTSS;D;200527;000000;331.4;337.7;326.3;326.5;5406770
MTSS;D;200528;000000;327.7;329.85;321.7;324.05;6757040
MTSS;D;200529;000000;323.15;324.85;318;320;7124030
MTSS;D;200601;000000;322.95;323.55;316.85;319.6;7443050
MTSS;D;200602;000000;320.95;327.6;320.55;326.7;7051620
MTSS;D;200603;000000;327.4;333.5;326.75;329.7;7200950
MTSS;D;200604;000000;329.55;330.6;321.15;323.5;6516610
MTSS;D;200605;000000;323.9;328.55;321.7;326.25;6721610
MTSS;D;200608;000000;326.9;331.45;324.05;325.5;5384950
MTSS;D;200609;000000;326.85;330.35;324.65;329.15;6594600
MTSS;D;200610;000000;329.15;331.2;324.8;326.85;5042140
MTSS;D;200611;000000;326.35;326.45;322.05;322.8;4710080
MTSS;D;200615;000000;321.45;325.2;317.5;323.8;5329070
MTSS;D;200616;000000;325.7;328.5;325.65;328;5112790
MTSS;D;200617;000000;327.85;328.9;323.35;325.75;4412860
MTSS;D;200618;000000;325.1;327.55;323.55;326.05;3713280
MTSS;D;200619;000000;326.35;330;326.35;327.35;5386340
MTSS;D;200622;000000;327.35;327.65;322.7;325;5650380
MTSS;D;200623;000000;325.55;326.3;323.4;324.7;5201100
MTSS;D;200625;000000;323.65;327.1;321.65;325.45;6362590
MTSS;D;200626;000000;325.95;326.95;323.6;324.3;4029360
MTSS;D;200629;000000;324.85;326.65;324.5;325.95;3502150
MTSS;D;200630;000000;326.1;333;325.5;330.45;7271870
MTSS;D;200702;000000;331.35;334;329.5;330.85;6334310
MTSS;D;200703;000000;330.85;335;330.45;334.6;3378520
MTSS;D;200706;000000;335.85;339.6;335.3;338.1;8558590
MTSS;D;200707;000000;338.1;338.3;314;336.6;7943460
MTSS;D;200708;000000;320.8;323.2;317.85;321.1;10410390
MTSS;D;200709;000000;321.2;322;314;315;6502060
MTSS;D;200710;000000;315.1;317.7;312.5;314.95;5155130
MTSS;D;200713;000000;316.05;318.8;315.3;315.7;5153090
MTSS;D;200714;000000;316.05;317.7;313.15;317;4934320
MTSS;D;200715;000000;317.55;319.95;316.1;319.7;2755430
MTSS;D;200716;000000;319.55;322.1;317.35;321;3508860
MTSS;D;200717;000000;320.45;322.15;319.8;321.55;1655380
MTSS;D;200720;000000;321.3;322.9;320.2;322.75;2328770
MTSS;D;200721;000000;322.85;325.85;321.5;322.2;4147150
MTSS;D;200722;000000;322.5;324.5;322.05;323.85;1953180
MTSS;D;200723;000000;324.3;325.2;321.25;321.95;2218280
MTSS;D;200724;000000;321.75;323.55;319.2;321;2760780
MTSS;D;200727;000000;321.75;323.7;321;323.25;2957230
MTSS;D;200728;000000;323.25;326.95;323;326.7;4894720
MTSS;D;200729;000000;326.7;330.3;325.75;329.8;4424840
MTSS;D;200730;000000;328.9;328.95;324.35;325.6;3539720
MTSS;D;200731;000000;326.4;328.4;325.6;327.55;3929000
MTSS;D;200803;000000;327.9;334.95;326.55;333.3;7076060
MTSS;D;200804;000000;333.4;336;330.7;335.7;3969330
MTSS;D;200805;000000;335.35;337.9;333.25;333.95;3577860
MTSS;D;200806;000000;334.7;335.3;329.65;332.75;4397440
MTSS;D;200807;000000;332.25;334.05;328.9;329.75;3155080
MTSS;D;200810;000000;330.6;332.3;327.9;329.15;3030340
MTSS;D;200811;000000;329.25;331.65;328.2;329.55;4859770
MTSS;D;200812;000000;329.7;338.25;329.5;337.5;5461070
MTSS;D;200813;000000;336.8;339.1;335.4;337.9;5030510
MTSS;D;200814;000000;339.1;342.1;335.8;340.2;5109130
MTSS;D;200817;000000;340.7;344.55;339.15;341.95;5579220
MTSS;D;200818;000000;342.3;343.65;340.2;341.9;2404550
MTSS;D;200819;000000;342;346.4;340.2;342;4486660
MTSS;D;200820;000000;341.4;344.25;338.25;341.9;3720550
MTSS;D;200821;000000;342.85;342.85;336.6;341.5;3533330
MTSS;D;200824;000000;342.15;346;341.3;344.25;2963500
MTSS;D;200825;000000;344.4;345.85;342.45;344.75;2288610
MTSS;D;200826;000000;344.65;346.75;341.4;346.65;3915460
MTSS;D;200827;000000;346.95;349.7;345.85;348.7;3644060
MTSS;D;200828;000000;349;349.1;341.1;341.75;2826800
MTSS;D;200831;000000;342.7;343.95;334.1;335.9;2653990
MTSS;D;200901;000000;337.4;341.3;331.6;339.5;4125290
MTSS;D;200902;000000;339.9;342.9;333.55;335.8;3552380
MTSS;D;200903;000000;337.05;339.3;332.7;335.4;5839880
MTSS;D;200904;000000;336;338.25;332.2;336;3057210
MTSS;D;200907;000000;335.6;337;331.05;335.8;2063830
MTSS;D;200908;000000;336.95;336.95;328.2;332.35;3301120
MTSS;D;200909;000000;331.7;336.65;330.05;336.1;2151290
MTSS;D;200910;000000;335.95;337.45;331.35;332.2;2953990
MTSS;D;200911;000000;332.95;333.75;330.25;331.7;2765170
MTSS;D;200914;000000;332.6;333.9;331.6;333.7;2767930
MTSS;D;200915;000000;333.75;337.5;333.5;336.95;3940560
MTSS;D;200916;000000;337.2;339.7;336.5;338.75;2659740
MTSS;D;200917;000000;337.4;340.4;337.1;339.75;3012270
MTSS;D;200918;000000;340;341.5;337;337.45;2892760
MTSS;D;200921;000000;337.8;338;334.35;337.8;2542340
MTSS;D;200922;000000;337.05;341.95;335.8;339.45;3298950
MTSS;D;200923;000000;340.75;344.5;339;339.35;3238220
MTSS;D;200924;000000;340.1;340.35;336.35;337.2;3002720
MTSS;D;200925;000000;337.5;340.85;334.6;340.2;4569350
MTSS;D;200928;000000;339.95;345.2;339.85;344.4;2777530
MTSS;D;200929;000000;344.95;346.2;338.15;339.1;3050460
MTSS;D;200930;000000;339.1;341;337.7;338.7;2948030
MTSS;D;201001;000000;340.25;340.8;336.4;338.3;3143280
MTSS;D;201002;000000;337.9;341;337.45;340.45;1754330
MTSS;D;201005;000000;340;344.3;339.9;343.25;3974430
MTSS;D;201006;000000;343.55;344.95;339.4;340.2;3138180
MTSS;D;201007;000000;341.4;341.75;329.35;332;7632670
MTSS;D;201008;000000;333.15;336.7;332.05;335.15;6334320
MTSS;D;201009;000000;328.75;331.15;327.5;329;4144480
MTSS;D;201012;000000;330;333.3;329.55;330.8;2430160
MTSS;D;201013;000000;331.35;332.9;329.4;330.6;2837650
MTSS;D;201014;000000;331;332.75;329.2;332.6;3262490
MTSS;D;201015;000000;331.5;333.55;320.1;321.75;4637820
MTSS;D;201016;000000;322.15;324.2;313.7;321.75;8507710
MTSS;D;201019;000000;322.5;323.75;315.2;316.2;3172940
MTSS;D;201020;000000;316.3;322.4;316.1;320.8;3883920
MTSS;D;201021;000000;321.85;321.85;316.65;321.15;2420590
MTSS;D;201022;000000;320.95;322.8;318;320.45;2501290
MTSS;D;201023;000000;320.8;321.35;317.2;318.4;2700140
MTSS;D;201026;000000;318.35;319.95;316.3;317.25;2347650
MTSS;D;201027;000000;317.75;319.35;315.9;316.2;3403440
MTSS;D;201028;000000;316.6;316.75;310.1;313.15;5608100
MTSS;D;201029;000000;313.7;315.95;308.2;313.1;4024950
MTSS;D;201030;000000;311.35;312.35;308.6;311.6;2900730
MTSS;D;201102;000000;311.75;317;308.2;315.95;4076300
MTSS;D;201103;000000;316.6;320.2;316.6;319.25;1925030
MTSS;D;201105;000000;321.8;324;317;323.4;3853710
MTSS;D;201106;000000;322.85;324.2;320.65;323.65;3443090
MTSS;D;201109;000000;324.15;328.3;323.6;324.7;7039390
MTSS;D;201110;000000;325.8;326;320.55;322.6;4606670
MTSS;D;201111;000000;322.95;324.3;320.65;322.15;3514300
MTSS;D;201112;000000;321.45;322.5;318.3;318.95;3142340
MTSS;D;201113;000000;319.85;321.95;316.65;321.7;3824310
MTSS;D;201116;000000;322.2;323.6;320.35;323.15;4224140
MTSS;D;201117;000000;322.85;325.9;319.25;324.7;6655430
MTSS;D;201118;000000;324.7;324.7;319.2;321.6;5263060
MTSS;D;201119;000000;321.85;323.1;318.5;319.45;4926850
MTSS;D;201120;000000;319.75;319.8;316.25;317.7;5368940
MTSS;D;201123;000000;318.25;320.1;317.6;319.55;3157230
MTSS;D;201124;000000;319.7;321.1;314.1;314.85;5743570
MTSS;D;201125;000000;316.25;319.4;313.5;319.05;6253540
MTSS;D;201126;000000;318.65;319.7;317.4;318.8;2711190
MTSS;D;201127;000000;318.15;321.95;316.8;321;6114050
MTSS;D;201130;000000;320.2;322.85;318.3;321.65;3665540
MTSS;D;201201;000000;321.8;325.4;321.25;322.85;5169760
MTSS;D;201202;000000;323.4;323.85;320.1;321;3921460
MTSS;D;201203;000000;321.2;322.4;317.1;317.55;4622990
MTSS;D;201204;000000;318.8;320;316.2;316.85;3484710
MTSS;D;201207;000000;317.5;320.1;317.1;317.55;2835020
MTSS;D;201208;000000;317.85;319.3;316.5;318.05;3556130
MTSS;D;201209;000000;318.1;324.2;317.65;320.8;7503720
MTSS;D;201210;000000;321.15;324.75;320.55;324;4172840
MTSS;D;201211;000000;324.4;327.2;318.25;318.65;6219770
MTSS;D;201214;000000;320.1;322.3;318;318.95;4780380
MTSS;D;201215;000000;319.2;320.95;318.2;320.7;3327720
MTSS;D;201216;000000;320.55;323;319.5;321.4;2891490
MTSS;D;201217;000000;322.05;326.8;321.3;325.9;4142060
MTSS;D;201218;000000;325;329;322.25;328.05;6650830
MTSS;D;201221;000000;327.8;329.45;321.5;325.3;5630410
MTSS;D;201222;000000;324.95;327.8;323.55;326.85;2915510
MTSS;D;201223;000000;326.9;328.2;325.5;326.75;2273990
MTSS;D;201224;000000;327.15;327.8;326.1;326.45;1263960
MTSS;D;201225;000000;326.85;329.7;325.1;327.9;1622870
MTSS;D;201228;000000;328.4;329.75;327.15;327.65;2382520
MTSS;D;201229;000000;328;331.7;327.9;330.25;2708470
MTSS;D;201230;000000;331.5;332.05;326.1;331.2;2601780
MTSS;D;210104;000000;331.9;336.2;331.9;334.9;2223540
MTSS;D;210105;000000;333.85;338.85;332.6;337.8;2619540
MTSS;D;210106;000000;337.9;337.9;330.7;334.05;2674400
MTSS;D;210108;000000;334.9;339.8;334.8;339.4;4190700
MTSS;D;210111;000000;337.65;340.1;335.5;337.55;4123640
MTSS;D;210112;000000;337.05;339.4;332.7;334.2;3474930
MTSS;D;210113;000000;334.7;335.4;330;331.9;2900720
MTSS;D;210114;000000;332.25;338.4;330.4;337.35;3274980
MTSS;D;210115;000000;335.3;337.45;332.75;332.85;2561210
MTSS;D;210118;000000;333.65;334.2;331.05;333;1394820
MTSS;D;210119;000000;333.45;334.25;330;331.1;2746250
MTSS;D;210120;000000;331;333.2;330.65;332.2;1383870
MTSS;D;210121;000000;332.2;333.75;327.7;329.3;3314250
MTSS;D;210122;000000;328.6;330.85;325;329.9;3894390
MTSS;D;210125;000000;330.45;335.15;329.45;333.8;2699360
MTSS;D;210126;000000;334.65;336.95;332.45;336.3;2527790
MTSS;D;210127;000000;336.75;337.35;333;334.5;2874520
MTSS;D;210128;000000;334.95;337.2;332.75;333.6;5106010
MTSS;D;210129;000000;333.6;333.85;328.8;328.85;3193530
MTSS;D;210201;000000;330;331.85;326.85;330.75;1451640
MTSS;D;210202;000000;331.2;333.35;330.2;331.95;2028860
MTSS;D;210203;000000;332.7;335.3;330.9;335.05;2304510
MTSS;D;210204;000000;335.1;335.85;331.2;333.55;2894250
MTSS;D;210205;000000;332.8;338.1;331.6;336;2966750
MTSS;D;210208;000000;336.3;336.5;332;333.75;3697870
MTSS;D;210209;000000;333.55;333.9;331.55;333.3;1929740
MTSS;D;210210;000000;333.35;334.15;329.5;330.4;1876860
MTSS;D;210211;000000;330.95;331.15;326.15;328.45;2719300
MTSS;D;210212;000000;328.1;329.05;323;327.1;3503250
MTSS;D;210215;000000;327.7;330.8;327.5;330.15;1815000
MTSS;D;210216;000000;330.15;331.4;327.5;327.9;2161810
MTSS;D;210217;000000;327.85;329.45;322.75;323.1;5360820
MTSS;D;210218;000000;324.1;324.45;320.05;320.7;3402880
MTSS;D;210219;000000;320.8;323.6;319.05;322.4;3212660
MTSS;D;210220;000000;322.45;323.7;320.7;323.2;530900
MTSS;D;210222;000000;323.45;323.9;319.8;320.2;1906820
MTSS;D;210224;000000;320.05;320.2;313.9;315.65;7039990
MTSS;D;210225;000000;316.6;317.95;313.9;314.8;3956640
MTSS;D;210226;000000;313.5;316.6;311.8;313.05;5088820
MTSS;D;210301;000000;314.75;317.1;313.3;316.7;3117480
MTSS;D;210302;000000;316.45;319.4;315.15;318.9;3762980
MTSS;D;210303;000000;318.95;321.65;315.6;315.8;3626830
MTSS;D;210304;000000;316.95;326;314.3;319;9905400
MTSS;D;210305;000000;320.8;322.75;317.4;318.6;5528540
MTSS;D;210309;000000;315.95;317.75;313.05;313.9;10211660
MTSS;D;210310;000000;314.6;317.7;313.25;315.3;9469030
MTSS;D;210311;000000;316;320.3;315.95;319.5;6310140
MTSS;D;210312;000000;319.25;323.15;318.7;320.7;5541690
MTSS;D;210315;000000;321.9;323.75;319.7;321.5;4197420
MTSS;D;210316;000000;321.8;322.75;317.75;318.25;5400450
MTSS;D;210317;000000;318.9;320;315.5;317.9;7241990
MTSS;D;210318;000000;318.1;319.3;315.1;316.25;4605660
MTSS;D;210319;000000;317.5;319.85;315.65;317.4;6449820
MTSS;D;210322;000000;318.1;320.05;316.75;319.35;3120560
MTSS;D;210323;000000;318.9;319;315.05;315.9;4306010
MTSS;D;210324;000000;316.4;316.85;314.25;315.2;5612910
MTSS;D;210325;000000;315.45;316.65;313.6;314.55;5510560
MTSS;D;210326;000000;315.45;315.45;313.45;315.05;5246310
MTSS;D;210329;000000;314.95;316.5;314.3;316.15;4413430
MTSS;D;210330;000000;316.25;317.7;314.3;315;4572310
MTSS;D;210331;000000;314.95;316.9;314.65;316.2;4121840
MTSS;D;210401;000000;316.45;317.6;315.6;316.9;3681170
MTSS;D;210402;000000;316.6;317.6;315.55;317.4;2253400
MTSS;D;210405;000000;317.65;318.2;315.95;317.5;2451600
MTSS;D;210406;000000;317.05;318.6;316.4;317.25;3357290
MTSS;D;210407;000000;317.3;317.5;315.55;317.05;3694950
MTSS;D;210408;000000;317.15;317.55;316.55;316.9;2646290
MTSS;D;210409;000000;317;317.75;315.5;316.8;2110090
MTSS;D;210412;000000;316.55;318.25;315.85;317.3;3988580
MTSS;D;210413;000000;317.35;317.75;315;315.7;4748870
MTSS;D;210414;000000;316.55;316.9;315.3;316.5;4348090
MTSS;D;210415;000000;315.7;316.8;315.4;315.8;3393250
MTSS;D;210416;000000;316.6;322.9;315.75;321.7;10193980
MTSS;D;210419;000000;321.8;323.85;320.55;321.4;5934810
MTSS;D;210420;000000;322;322.85;320;321.5;4062260
MTSS;D;210421;000000;321.6;322.5;319.35;321.45;5356970
MTSS;D;210422;000000;321.6;323.9;320.4;321.85;6007210
MTSS;D;210423;000000;321.95;323.65;320.6;322;4029580
MTSS;D;210426;000000;322.4;324.2;321.5;323.65;2907400
MTSS;D;210427;000000;323.15;325.9;321.55;323.1;4515050
MTSS;D;210428;000000;323.3;324.5;319.5;322.8;4018330
MTSS;D;210429;000000;323;323.45;320.5;321.6;2674340
MTSS;D;210430;000000;321.85;322.45;320;320.6;2895460
MTSS;D;210504;000000;321.3;321.95;317.35;319.9;3672260
MTSS;D;210505;000000;320.45;324.55;319.7;323.4;4638860
MTSS;D;210506;000000;323.85;323.9;322.15;323.15;2236490
MTSS;D;210507;000000;323.4;324.75;322;324.05;3282260
MTSS;D;210510;000000;324.25;325.15;323.15;324.1;3266940
MTSS;D;210511;000000;323.5;325.6;323;324.65;3113910
MTSS;D;210512;000000;325;325.25;322.55;322.8;4287980
MTSS;D;210513;000000;323.05;324.1;321.3;323.9;4212230
MTSS;D;210514;000000;323.95;326.35;321.95;325.5;4327150
MTSS;D;210517;000000;325.55;328.4;325;328.15;3845560
MTSS;D;210518;000000;328.5;335;328.05;333.9;6021550
MTSS;D;210519;000000;334.2;337.7;332.5;337.4;5508450
MTSS;D;210520;000000;337;338.4;333.15;334;3797710
MTSS;D;210521;000000;334.5;336.75;331.9;333.7;2567660
MTSS;D;210524;000000;334.1;336;333.25;334.2;1872730
MTSS;D;210525;000000;334.5;337.2;333.45;335.05;3330610
MTSS;D;210526;000000;335.2;336.55;335.05;335.75;2721650
MTSS;D;210527;000000;335.9;336.9;334.65;335.45;2389960
MTSS;D;210528;000000;335.95;336.9;334.9;336;2504060
MTSS;D;210531;000000;336.05;339.35;335.7;338.75;2796150
MTSS;D;210601;000000;338.95;340;336.65;338.45;3474540
MTSS;D;210602;000000;338.05;339.6;338.05;339.25;2656380
MTSS;D;210603;000000;340;341.7;337.5;338.9;4389620
MTSS;D;210604;000000;338.9;340.9;336.75;340.6;3519170
MTSS;D;210607;000000;340.7;341.4;339.1;340.9;2744660
MTSS;D;210608;000000;341;343;340.6;343;2770920
MTSS;D;210609;000000;343;343.9;341.5;342.5;3245670
MTSS;D;210610;000000;342.35;344.35;342.05;343.2;2024350
MTSS;D;210611;000000;343.6;343.9;340.6;342.4;3016840
MTSS;D;210614;000000;342.55;344.95;342.05;344.45;2567890
MTSS;D;210615;000000;344.35;346;343.55;344.7;3912670
MTSS;D;210616;000000;344.2;346.35;342.3;344.95;3599510
MTSS;D;210617;000000;344.95;345.2;341.8;343.95;4743870
MTSS;D;210618;000000;343.6;343.9;339.7;341.3;4567370
MTSS;D;210621;000000;340.4;342.65;339.1;342.65;3627570
MTSS;D;210622;000000;342.7;343.6;340.7;342.25;2074050
MTSS;D;210623;000000;343.3;343.4;340.45;341.8;2559060
MTSS;D;210624;000000;341.8;341.95;338.55;339.15;3432850
MTSS;D;210625;000000;339.2;342.5;339.15;341.9;2693210
MTSS;D;210628;000000;342.35;343.35;341.35;342;2121690
MTSS;D;210629;000000;342.05;343;339.5;341.65;2769180
MTSS;D;210630;000000;342.05;343.35;340.05;341.3;4449930
MTSS;D;210701;000000;341.35;343.8;340.95;343.35;3618920
MTSS;D;210702;000000;343;350.95;342.4;349.5;10262670
MTSS;D;210705;000000;350;350.6;347.5;349.3;6421930
MTSS;D;210706;000000;349.3;349.95;347.5;349.55;10630170
MTSS;D;210707;000000;325.2;326.3;323.05;324.35;10872700
MTSS;D;210708;000000;323.75;324.35;317;318.2;8965630
MTSS;D;210709;000000;318.65;319.8;316.8;319.35;3768090
MTSS;D;210712;000000;319.8;324.25;319.45;324;3155430
MTSS;D;210713;000000;323.55;324.75;321.7;323.7;2908580
MTSS;D;210714;000000;323.7;324;321.35;323.7;2958740
MTSS;D;210715;000000;323.7;324.2;322.15;322.2;1558110
MTSS;D;210716;000000;323;323.3;319.45;320.55;3255490
MTSS;D;210719;000000;319.85;320.6;315.25;317.1;4441020
MTSS;D;210720;000000;317.5;318.9;315.3;316.05;3426980
MTSS;D;210721;000000;316.6;318.05;315.85;317.15;2014110
MTSS;D;210722;000000;317.55;318.35;315.4;316.45;2997370
MTSS;D;210723;000000;316.9;318.8;315.9;316.2;3687020
MTSS;D;210726;000000;316.4;319.6;316.2;319.35;1853590
MTSS;D;210727;000000;319.4;319.65;316.25;316.85;2544900
MTSS;D;210728;000000;316.85;319.15;316.7;318.15;2525190
MTSS;D;210729;000000;318.6;318.75;316.75;318;2570360
MTSS;D;210730;000000;317.95;318.8;314.2;316.1;4935060
MTSS;D;210802;000000;316.85;317.8;315.65;316.85;3267120
MTSS;D;210803;000000;316.95;317.3;315.9;317.3;2102940
MTSS;D;210804;000000;317.3;317.5;315.75;316.4;2828090
MTSS;D;210805;000000;316.85;317.3;316;316.6;2593950
MTSS;D;210806;000000;316.65;317.35;315.9;316.1;2655400
MTSS;D;210809;000000;316.4;317.45;316.1;316.5;1895420
MTSS;D;210810;000000;316.9;317.85;316.15;317.1;2396610
MTSS;D;210811;000000;317.1;319.2;317.1;318.1;3576340
MTSS;D;210812;000000;318.4;320.9;318.1;319.7;3075640
MTSS;D;210813;000000;320;320.5;318.25;318.85;1752710
MTSS;D;210816;000000;318.5;320;318.5;318.7;2748650
MTSS;D;210817;000000;318.7;321.5;318.7;320.95;2626050
MTSS;D;210818;000000;321.65;324.35;321.05;323;4395420
MTSS;D;210819;000000;322.8;324.5;319.05;323.3;3712250
MTSS;D;210820;000000;323.5;325.1;321.65;324.2;3298650
MTSS;D;210823;000000;325.4;328.2;323.85;327.45;3934450
MTSS;D;210824;000000;327.25;330;327.25;329.85;5092680
MTSS;D;210825;000000;329.8;331.9;329.25;330.4;4747550
MTSS;D;210826;000000;330.3;332.4;328.7;331.15;3407940
MTSS;D;210827;000000;331.15;331.45;328.2;329.35;3087870
MTSS;D;210830;000000;329.45;330.5;328.05;329.1;2416450
MTSS;D;210831;000000;329.5;331.65;327.25;330.15;3843750
MTSS;D;210901;000000;330.35;331.95;329.15;330.4;2810040
MTSS;D;210902;000000;330.75;330.9;326.55;328.1;3424370
MTSS;D;210903;000000;328;330.5;327.8;329.1;2371120
MTSS;D;210906;000000;329.6;330.3;327.15;328.05;2995630
MTSS;D;210907;000000;328;329.8;328;328.6;1716570
MTSS;D;210908;000000;328.85;331.7;325.8;329.25;4978800
MTSS;D;210909;000000;329.35;329.9;328.3;328.85;2226430
MTSS;D;210910;000000;329.2;331.5;329.05;330.35;2983550
MTSS;D;210913;000000;331.4;334.4;330;333.55;4526610
MTSS;D;210914;000000;334.15;334.25;330.15;332.65;6534280
MTSS;D;210915;000000;333;333.9;328.1;329.65;4245770
MTSS;D;210916;000000;329.6;329.9;326.6;329.65;4373120
MTSS;D;210917;000000;329.65;333.1;329.5;330.35;5627130
MTSS;D;210920;000000;329.95;329.95;325.8;328;3424190
MTSS;D;210921;000000;329;329.75;327;328.4;2165710
MTSS;D;210922;000000;329.7;329.7;326.8;328;5315450
MTSS;D;210923;000000;328.6;329;326.85;327.95;4174640
MTSS;D;210924;000000;327.75;332.95;327;331.75;4172580
MTSS;D;210927;000000;332.05;333.4;330.65;331.9;2582870
MTSS;D;210928;000000;331.6;332.9;327.15;330.1;2622720
MTSS;D;210929;000000;330;330.7;328.45;329.7;2001660
MTSS;D;210930;000000;330.1;330.45;328.05;330.1;2524970
MTSS;D;211001;000000;329.6;329.6;327.7;328.85;2303470
MTSS;D;211004;000000;328.75;330.45;326.7;327.35;3108800
MTSS;D;211005;000000;327.25;328.75;325.05;327.7;3768830
MTSS;D;211006;000000;327.45;328.8;326.4;327.55;3092680
MTSS;D;211007;000000;327.5;329.95;327.25;328.5;3431640
MTSS;D;211008;000000;328.9;329.8;327.45;328.9;6585600
MTSS;D;211011;000000;319.8;321.85;318.3;319;9957660
MTSS;D;211012;000000;319.25;320;317.4;318.05;4552830
MTSS;D;211013;000000;318;318.4;315.65;317.15;4846660
MTSS;D;211014;000000;317.3;321.5;317.2;319.55;3435070
MTSS;D;211015;000000;319.55;321;318;318.8;2151920
MTSS;D;211018;000000;318.85;320;316.3;319.4;3718560
MTSS;D;211019;000000;319.8;320.5;318.15;319.1;1576570
MTSS;D;211020;000000;319.1;319.95;317.85;319.25;1887550
MTSS;D;211021;000000;318.85;319.2;316.15;316.85;2876140
MTSS;D;211022;000000;316.9;318;315.45;316.25;3040480
MTSS;D;211025;000000;316.25;316.8;314.55;316.25;2091000
MTSS;D;211026;000000;316.25;316.35;313.5;313.95;3789200
MTSS;D;211027;000000;314;314;311.6;312.9;3256590
MTSS;D;211028;000000;313;313.5;310;312.2;3772620
MTSS;D;211029;000000;311.95;313.7;310.05;311.35;4378150
MTSS;D;211101;000000;311.45;313.6;310.5;312.85;2584520
MTSS;D;211102;000000;312.95;315.35;311.75;313.35;3502310
MTSS;D;211103;000000;313.6;313.95;311.25;313.6;1543790
MTSS;D;211105;000000;313.6;315.05;312.5;313.2;1813850
MTSS;D;211108;000000;313.5;314.7;313.15;313.55;1845190
MTSS;D;211109;000000;314.15;317.2;312.8;316.05;3842030
MTSS;D;211110;000000;316.5;317.3;314.85;316.2;2416180
MTSS;D;211111;000000;316.9;318.2;315.65;316.45;1799920
MTSS;D;211112;000000;316.45;318.2;315.25;317.75;2210240
MTSS;D;211115;000000;318;318.3;315.75;316.8;1599030
MTSS;D;211116;000000;318;318.75;316.5;317.5;1710590
MTSS;D;211117;000000;317.55;318.4;311.95;312.5;5819170
MTSS;D;211118;000000;312.3;314.8;311.4;312.8;3614260
MTSS;D;211119;000000;314.6;314.6;310;310.1;3090820
MTSS;D;211122;000000;309.1;311.8;305.15;305.2;7280020
MTSS;D;211123;000000;305.05;309.4;301.7;307.45;5540080
MTSS;D;211124;000000;308.45;308.85;303.55;305.5;2809710
MTSS;D;211125;000000;305.75;307.3;304.1;306.05;1401110
MTSS;D;211126;000000;304.3;304.9;298;299.05;5947670
MTSS;D;211129;000000;301;301.6;294.8;296.5;5030820
MTSS;D;211130;000000;295.8;296;291;293.75;4411800
MTSS;D;211201;000000;294.15;300;294.1;296.45;2479110
MTSS;D;211202;000000;297.95;298.4;294.8;297.85;2140350
MTSS;D;211203;000000;298.05;298.35;294.15;295.1;1985070
MTSS;D;211206;000000;295.25;300.6;290.35;293.85;2339860
MTSS;D;211207;000000;293.85;294.95;289.55;291.45;3115520
MTSS;D;211208;000000;291.5;294.15;287.05;290.1;4351310
MTSS;D;211209;000000;291;291.3;287.55;288.45;2745850
MTSS;D;211210;000000;288.5;290.65;285.15;287.05;4897940
MTSS;D;211213;000000;288.6;289.2;276.55;277.45;5643010
MTSS;D;211214;000000;278;280.1;265.7;276.25;4925680
MTSS;D;211215;000000;277.95;284.5;276.25;279.85;5620070
MTSS;D;211216;000000;279.95;287.7;278.1;286.95;6936700
MTSS;D;211217;000000;287;292.05;285;289.4;6363890
MTSS;D;211220;000000;289.4;291.3;285.15;290.4;3275260
MTSS;D;211221;000000;290.45;291.75;288.2;290.05;4262260
MTSS;D;211222;000000;290.1;295.4;289.55;291.25;2965430
MTSS;D;211223;000000;291.2;292.75;289.7;290.55;1466640
MTSS;D;211224;000000;290.5;292.05;287.2;290.7;1835430
MTSS;D;211227;000000;290.7;294.95;290.2;293.95;1973210
MTSS;D;211228;000000;294.45;297.2;293.05;295.6;2022600
MTSS;D;211229;000000;296.7;297.55;294.1;296.4;1418990
MTSS;D;211230;000000;296.4;298.95;295.55;298.9;1131710
MTSS;D;220103;000000;299;305;298.05;304.65;2093030
MTSS;D;220104;000000;304.65;306.5;302.85;304.95;1854220
MTSS;D;220105;000000;305.15;306;298.3;298.3;1840990
MTSS;D;220106;000000;298;300.6;295.35;299.2;2449240
MTSS;D;220110;000000;300.2;302.5;291.1;295.85;1808120
MTSS;D;220111;000000;295.75;297.5;293.55;296.2;1817570
MTSS;D;220112;000000;296;301;294.2;296.45;1837630
MTSS;D;220113;000000;296.45;298.35;287.95;291.65;3468750
MTSS;D;220114;000000;291.25;292.7;281.6;289.65;4603710
MTSS;D;220117;000000;289.5;291.45;276.1;281.7;5543820
MTSS;D;220118;000000;282.2;284;267.1;272.95;10115990
MTSS;D;220119;000000;273.1;286.7;267;274.8;8948650
MTSS;D;220120;000000;275.9;280.65;273.2;274.4;5290440
MTSS;D;220121;000000;274.15;279.7;272.05;273.45;4606200
MTSS;D;220124;000000;273.8;275.45;263.3;272.95;10598470
MTSS;D;220125;000000;271.55;279.5;268.2;279.45;5771900
MTSS;D;220126;000000;279.45;284.9;276.25;277.9;5605390
MTSS;D;220127;000000;277.85;289;275.05;278.45;6089890
MTSS;D;220128;000000;280;285.55;275.2;285.55;3495320
MTSS;D;220131;000000;286.1;292;286;287.4;4805940
MTSS;D;220201;000000;288.45;291;286.25;289.6;2440500
MTSS;D;220202;000000;289.7;290.9;285.5;285.8;2057660
MTSS;D;220203;000000;285.5;286.15;280;284.6;2046930
MTSS;D;220204;000000;284.75;288.3;281.5;283.25;1703930
MTSS;D;220207;000000;284.95;286.7;282.25;284.45;1036560
MTSS;D;220208;000000;283.65;290.15;283.55;289.75;1488950
MTSS;D;220209;000000;290;290.5;286.75;289.9;3587920
MTSS;D;220210;000000;289.95;294.9;283.6;293.45;4457650
MTSS;D;220211;000000;292.95;292.95;282.7;284.8;3350700
MTSS;D;220214;000000;283.5;286.7;276.5;280.8;5063360
MTSS;D;220215;000000;281.45;287.85;280.7;287.3;3278770
MTSS;D;220216;000000;286.95;291.65;286;287.4;2972110
MTSS;D;220217;000000;287.4;287.8;281.1;283.45;4539810
MTSS;D;220218;000000;284.95;286.9;271.3;272.85;5274510
MTSS;D;220221;000000;273;278;226;239.75;20241500
MTSS;D;220222;000000;235.45;263.9;219.5;260.85;16717910
MTSS;D;220224;000000;238;240;155;206.65;10822790
MTSS;D;220225;000000;205;247.8;205;217.5;6146110
MTSS;D;220324;000000;200;236;198.15;205.6;3077740
MTSS;D;220325;000000;206.9;208.25;188.2;190.6;3898530
MTSS;D;220328;000000;191;194.2;181.2;184.8;966300
MTSS;D;220329;000000;184.8;188.65;171.5;174.7;1988410
MTSS;D;220330;000000;177.2;235;177.2;233;3495200
MTSS;D;220331;000000;229;248;212.15;238.65;3892590
MTSS;D;220401;000000;238.6;248.1;232;235;1405200
MTSS;D;220404;000000;235.15;239.05;224.2;231;1081600
MTSS;D;220405;000000;231;231.05;215.35;218;1019260
MTSS;D;220406;000000;217.3;220;212;215;696630
MTSS;D;220407;000000;216;221.85;215.05;216.5;538620
MTSS;D;220408;000000;233.95;234.95;213;215.2;2037190
MTSS;D;220411;000000;217.8;217.8;210.1;211.75;685370
MTSS;D;220412;000000;213.95;213.95;204;210.9;881920
MTSS;D;220413;000000;214;215.9;210;210.5;722550
MTSS;D;220414;000000;212.5;213.2;205;205.8;547160
MTSS;D;220415;000000;205.6;211.7;200.45;207.35;1047950
MTSS;D;220418;000000;207.9;213.4;203.2;203.8;906380
MTSS;D;220419;000000;205;205;195.1;201.8;1191780
MTSS;D;220420;000000;201.6;202.4;195.25;196.95;1602980
MTSS;D;220421;000000;197.3;198.25;192.3;192.4;1073750
MTSS;D;220422;000000;193.5;194.75;188.05;188.05;1036540
MTSS;D;220425;000000;188.1;188.3;181.65;185;1339690
MTSS;D;220426;000000;184.7;197.3;184.55;196.35;3911040
MTSS;D;220427;000000;196.8;208.2;194.35;207.6;4755020
MTSS;D;220428;000000;208;212.7;202.25;205;2838950
MTSS;D;220429;000000;205.65;209.35;205.05;209.05;1112470
MTSS;D;220504;000000;209.1;212.2;207.15;208.7;843570
MTSS;D;220505;000000;209;214.95;208.75;214.1;1057770
MTSS;D;220506;000000;213.7;214.4;209.25;211;907460
MTSS;D;220511;000000;211.25;211.25;206.1;209.45;789890
MTSS;D;220512;000000;209.1;209.3;198.3;200.1;1593620
MTSS;D;220513;000000;201.3;202.95;199;200.85;1179810
MTSS;D;220516;000000;201.05;210;200.45;210;1187790
MTSS;D;220517;000000;208.5;219.6;205;217.5;2052960
MTSS;D;220518;000000;249;282.9;242.6;243;12001580
MTSS;D;220519;000000;242.3;246;237.6;243.15;2433320
MTSS;D;220520;000000;244.8;245.9;237;238.5;1652400
MTSS;D;220523;000000;239;240;232.3;236;1147840
MTSS;D;220524;000000;236;245.45;230.7;243.4;2227800
MTSS;D;220525;000000;244.9;249.45;242.55;248;2274270
MTSS;D;220526;000000;249;251.5;245;245.75;2092890
MTSS;D;220527;000000;245.7;248.75;243.9;246.9;1325810
MTSS;D;220530;000000;246.9;255;246.1;255;1691210
MTSS;D;220531;000000;254.9;257;251.75;254.95;1073280
MTSS;D;220601;000000;254.95;257.95;253;257.05;987190
MTSS;D;220602;000000;257.05;261.9;252.75;261.7;2188060
MTSS;D;220603;000000;261.15;263.4;254;259.5;1411060
MTSS;D;220606;000000;260;270.5;258;268.35;2585970
MTSS;D;220607;000000;267.25;271.75;265;270.2;1503520
MTSS;D;220608;000000;270;274.5;270;272.35;1446480
MTSS;D;220609;000000;271.8;272.35;268.15;270.7;785300
MTSS;D;220610;000000;270.95;274.9;269.1;274;1310130
MTSS;D;220614;000000;274.3;275;272.35;274.9;1309930
MTSS;D;220615;000000;274.95;277.1;273.5;276.1;1373670
MTSS;D;220616;000000;276.85;277.05;275.35;277.05;885250
MTSS;D;220617;000000;276.3;277;272.2;274.7;802650
MTSS;D;220620;000000;274.5;276.45;274;274.45;932580
MTSS;D;220621;000000;275;275.55;269.85;272.7;1106130
MTSS;D;220622;000000;273;277;267.1;274;1791310
MTSS;D;220623;000000;279;279.5;274;276.2;2625800
MTSS;D;220624;000000;276.45;281.4;275.25;278.35;1467930
MTSS;D;220627;000000;278.95;280.65;275;276.2;912010
MTSS;D;220628;000000;276.2;278.7;275.3;277.4;951570
MTSS;D;220629;000000;277.5;278;275;275.7;703030
MTSS;D;220630;000000;275.7;276.4;256.5;273.7;2548180
MTSS;D;220701;000000;272;279;269.05;278.85;1714430
MTSS;D;220704;000000;279.95;281.35;278.5;280.55;2177970
MTSS;D;220705;000000;280.05;281.45;275.25;276.3;1905250
MTSS;D;220706;000000;276.3;277.25;267.6;270.05;3010800
MTSS;D;220707;000000;269.9;273.05;268.1;273;1703980
MTSS;D;220708;000000;272.85;275.05;269.7;275.05;4262310
MTSS;D;220711;000000;247.55;247.55;237.05;239.85;4680550
MTSS;D;220712;000000;239.05;239.6;227.2;236.85;4289580
MTSS;D;220713;000000;236.9;238.95;231;233.9;1685560
MTSS;D;220714;000000;232.75;235;228.85;229.8;1888240
MTSS;D;220715;000000;229.5;239.55;226;236.9;1483400
MTSS;D;220718;000000;237.95;239.75;231.25;236.3;1102410
MTSS;D;220719;000000;236.25;236.8;231.55;232.55;797860
MTSS;D;220720;000000;232.7;236;231.8;232.6;622060
MTSS;D;220721;000000;232.5;233.5;227.2;229.05;829940
MTSS;D;220722;000000;229.9;232.15;229;230.8;674960
MTSS;D;220725;000000;231.05;232;229.55;230.85;546980
MTSS;D;220726;000000;231.2;233.25;230.1;233.25;971830
MTSS;D;220727;000000;234;237;232;235.65;1503160
MTSS;D;220728;000000;235.8;243.5;235.75;243.15;2115420
MTSS;D;220729;000000;243.7;245;241.05;243.45;1599760
MTSS;D;220801;000000;244.05;244.4;238.5;241.75;987540
MTSS;D;220802;000000;240.75;241.95;239;241;656750
MTSS;D;220803;000000;240.95;247.5;240.1;246.3;1461560
MTSS;D;220804;000000;246.6;252.2;245.55;251;1539650
MTSS;D;220805;000000;250;251.85;240.8;241.45;1453040
MTSS;D;220808;000000;244.9;249.35;243.7;247.15;886930
MTSS;D;220809;000000;247.2;248;244.15;247.85;699840
MTSS;D;220810;000000;248.85;251;246.7;250.05;697230
MTSS;D;220811;000000;250.8;251.7;245.3;245.5;579950
MTSS;D;220812;000000;245;247.15;243.1;245.1;687530
MTSS;D;220815;000000;247.1;248.85;243;246.3;885270
MTSS;D;220816;000000;246.4;248.75;244;248;968460
MTSS;D;220817;000000;248;250;244.05;245;1285090
MTSS;D;220818;000000;245.95;247.4;238.5;241.95;2249270
MTSS;D;220819;000000;240;241.25;236.4;240;1936360
MTSS;D;220822;000000;240;240;237.4;238.1;851220
MTSS;D;220823;000000;238.85;239.15;235.2;236;1734160
MTSS;D;220824;000000;235.95;236.45;230.15;231.85;1702870
MTSS;D;220825;000000;232.45;236.85;231.25;236.4;1880520
MTSS;D;220826;000000;236.4;240.1;234.15;240.1;1378570
MTSS;D;220829;000000;240;242.5;238.1;241;1207670
MTSS;D;220830;000000;241.45;243.2;239;239.3;895660
MTSS;D;220831;000000;239;240.35;235.2;236.3;1532990
MTSS;D;220901;000000;236.9;242;236.65;241.45;1626220
MTSS;D;220902;000000;241.6;245;237.35;240.3;2030010
MTSS;D;220905;000000;240.2;243;239.85;242.8;1058270
MTSS;D;220906;000000;242.8;244.45;238.5;239;1874860
MTSS;D;220907;000000;239.3;239.3;235.25;236.05;1653370
MTSS;D;220908;000000;236.4;240.3;236;237.55;1005630
MTSS;D;220909;000000;237.45;240;237.05;237.75;857030
MTSS;D;220912;000000;237.3;242.4;237.15;240.6;1272940
MTSS;D;220913;000000;240.7;241.6;237.4;237.75;1051200
MTSS;D;220914;000000;237.7;238;235.35;237.7;1016910
MTSS;D;220915;000000;238.25;240;236.6;238.2;1180150
MTSS;D;220916;000000;238.4;238.4;235.6;236.4;1105590
MTSS;D;220919;000000;236;236.6;234.7;235.85;831810
MTSS;D;220920;000000;235.85;236.1;220.25;226.7;3073460
MTSS;D;220921;000000;201.05;221;201.05;216.5;2438770
MTSS;D;220922;000000;215.65;222.25;212.35;214.9;1596860
MTSS;D;220923;000000;215.2;215.2;197.5;200.65;3879390
MTSS;D;220926;000000;199.05;199.1;184;186.3;3450430
MTSS;D;220927;000000;190.05;198.5;179.35;187.45;2797580
MTSS;D;220928;000000;187.95;189.85;181.3;186;1422090
MTSS;D;220929;000000;186.95;188.7;179.35;183;1422100
MTSS;D;220930;000000;184.15;194;176.2;191.65;2727390
MTSS;D;221003;000000;192.5;198;190;197.05;1983360
MTSS;D;221004;000000;197.95;206.55;194.2;202.7;2827630
MTSS;D;221005;000000;202.5;209.2;200.75;206.55;2912010
MTSS;D;221006;000000;206.5;210.55;206.5;208.25;1893960
MTSS;D;221007;000000;207.55;207.85;196.2;196.2;2126930
MTSS;D;221010;000000;190.3;201.65;190.3;200.1;1706010
MTSS;D;221011;000000;200.65;212.4;200;210.1;2389880
MTSS;D;221012;000000;210.2;210.65;202.1;204.15;2751070
MTSS;D;221013;000000;204.25;205.85;200.9;203.5;1498020
MTSS;D;221014;000000;203.9;210;203.05;208.3;3005830
MTSS;D;221017;000000;209;218.95;207.2;218.65;2242560
MTSS;D;221018;000000;219.05;220;212.5;213.55;2060610
MTSS;D;221019;000000;213;216.45;210.05;215.3;1657120
MTSS;D;221020;000000;216;223.15;215.35;217.2;2965350
MTSS;D;221021;000000;216.9;217.4;212.8;215.8;1263930
MTSS;D;221024;000000;217.2;218.25;215;215.75;1097330
MTSS;D;221025;000000;216.1;220.35;215.4;219;1642530
MTSS;D;221026;000000;219.65;219.75;217.6;219.05;1222440
MTSS;D;221027;000000;219.65;223.5;218.2;222.75;2126570
MTSS;D;221028;000000;222.75;225;219.6;224.5;1375380
MTSS;D;221031;000000;224.6;229;224;225.8;1485540
MTSS;D;221101;000000;226.5;229;225.7;226.7;1187750
MTSS;D;221102;000000;226.85;227.3;220.05;223.45;858800
MTSS;D;221103;000000;222.8;223;220.25;222.3;826350
MTSS;D;221107;000000;223.05;229;222.8;227.7;1234750
MTSS;D;221108;000000;227.85;232;226.5;230.45;1639620
MTSS;D;221109;000000;230.1;231.6;222.8;224.75;1862760
MTSS;D;221110;000000;224.9;229.35;224.4;228.35;706820
MTSS;D;221111;000000;228.5;235.5;226.75;235;1665480
MTSS;D;221114;000000;236.4;237.4;233.5;234.55;895310
MTSS;D;221115;000000;234.9;238;221.1;231.1;3010020
MTSS;D;221116;000000;233.6;238.95;231.15;233.75;3003350
MTSS;D;221117;000000;234.4;235.4;232;232.6;768470
MTSS;D;221118;000000;232;233.2;228.5;230.45;905540
MTSS;D;221121;000000;230.4;230.4;225.85;227.7;1045520
MTSS;D;221122;000000;227.7;229.7;226.5;228.15;671830
MTSS;D;221123;000000;228.6;234.3;226.3;232.85;1315200
MTSS;D;221124;000000;232.8;236.6;232.35;233.5;1265710
MTSS;D;221125;000000;234.5;237.85;234;236.25;1679810
MTSS;D;221128;000000;236;236.1;232.35;234.15;1143490
MTSS;D;221129;000000;234.95;237.9;234;236.95;839570
MTSS;D;221130;000000;237;237.5;233.5;236.4;1140890
MTSS;D;221201;000000;236.05;236.65;234.05;234.7;895690
MTSS;D;221202;000000;234.3;234.7;232.3;233.7;553860
MTSS;D;221205;000000;233.65;234.9;231.3;233.05;737260
MTSS;D;221206;000000;233.2;234.1;231.6;233.8;846130
MTSS;D;221207;000000;233.2;234.9;232.35;233.5;504450
MTSS;D;221208;000000;233.45;233.9;232.3;233.15;537490
MTSS;D;221209;000000;233;234.9;232.65;233.65;679890
MTSS;D;221212;000000;233.65;234.05;230.5;231.1;844260
MTSS;D;221213;000000;231.15;231.9;228.7;229.85;593800
MTSS;D;221214;000000;230.2;230.2;225;226.4;887510
MTSS;D;221215;000000;226.4;226.9;220.8;221.15;1138900
MTSS;D;221216;000000;221.3;228.3;221.2;226.9;1121630
MTSS;D;221219;000000;226.2;227;221.2;223.7;1930620
MTSS;D;221220;000000;224.4;227.95;223.7;227.45;1117510
MTSS;D;221221;000000;227.4;229.85;223.75;224.5;1621480
MTSS;D;221222;000000;224.5;228;224.45;227;955930
MTSS;D;221223;000000;227;227.85;224.55;227;864410
MTSS;D;221226;000000;226.6;231.85;225.2;228.9;1739410
MTSS;D;221227;000000;228.9;230.9;228.4;229.8;818420
MTSS;D;221228;000000;230;232.3;229;231.9;1197460
MTSS;D;221229;000000;231.5;235;230.1;234.75;856350
MTSS;D;221230;000000;234.7;236.6;233.1;236.4;734150
MTSS;D;230103;000000;236.4;236.8;235;235.35;276640
MTSS;D;230104;000000;235.05;236.7;234.25;236.5;337460
MTSS;D;230105;000000;236.7;236.9;235;236.15;308600
MTSS;D;230106;000000;236.15;236.6;235.4;236.5;181790
MTSS;D;230109;000000;236.6;238.8;235.5;237.7;1224050
MTSS;D;230110;000000;237.9;237.9;234.45;237.3;635080
MTSS;D;230111;000000;237;240.5;236.15;240;867730
MTSS;D;230112;000000;239.75;240;238.35;239;1045100
MTSS;D;230113;000000;239.4;239.5;238.4;239.2;1246790
MTSS;D;230116;000000;239.45;242.65;235.35;242.2;1456660
MTSS;D;230117;000000;242.3;242.3;238.7;238.7;608890
MTSS;D;230118;000000;238.95;239.5;237.1;237.6;591210
MTSS;D;230119;000000;237.6;239.3;235.8;237;1238280
MTSS;D;230120;000000;236.9;240.4;235.8;239.9;1148640
MTSS;D;230123;000000;241.35;241.35;238.75;239.85;730360
MTSS;D;230124;000000;240.45;240.45;237.9;239;1057100
MTSS;D;230125;000000;239;241;237.9;240.5;1097800
MTSS;D;230126;000000;240.8;241;237.4;240;1322150
MTSS;D;230127;000000;240.3;242.3;239.85;242.15;1176050
MTSS;D;230130;000000;242.15;245;241.5;244.9;1213400
MTSS;D;230131;000000;245.15;249.95;243.3;249.65;1245760
MTSS;D;230201;000000;250;252.8;248.15;251.75;1072180
MTSS;D;230202;000000;252;257.95;248.85;256.1;1827700
MTSS;D;230203;000000;256.2;256.6;252;255.2;1214830
MTSS;D;230206;000000;254.75;260;253.4;259.2;1378530
MTSS;D;230207;000000;259.4;263.2;259.4;261.05;1496320
MTSS;D;230208;000000;262.15;265;259.5;260.7;1659180
MTSS;D;230209;000000;261;263.3;255.15;256.85;1954910
MTSS;D;230210;000000;256.1;258.45;254.1;257.65;752850
MTSS;D;230213;000000;257.55;260.8;255.05;259.2;801950
MTSS;D;230214;000000;259.25;259.5;252.5;252.55;1330780
MTSS;D;230215;000000;252.4;252.4;241.25;244.2;2116780
MTSS;D;230216;000000;244.5;249.45;243;247.35;1977440
MTSS;D;230217;000000;247.5;250.95;244.4;249.4;1003500
MTSS;D;230220;000000;249.9;250.05;242.5;246.7;1088090
MTSS;D;230221;000000;246.75;252.35;246.75;251;1209400
MTSS;D;230222;000000;251.7;252.4;248.3;250.8;812420
MTSS;D;230224;000000;250.8;251.75;248.85;251.15;533110
MTSS;D;230227;000000;248;255.15;246.3;254.1;924260
MTSS;D;230228;000000;254.6;260.15;254.3;260.15;1625720
MTSS;D;230301;000000;260.4;261;257;259.1;1689280
MTSS;D;230302;000000;259.1;259.25;252.45;254.55;1726430
MTSS;D;230303;000000;254.95;261;254.1;259.65;2449470
MTSS;D;230306;000000;260;261;257.55;258.4;1325560
MTSS;D;230307;000000;258.85;259.5;256.5;257.65;992760
MTSS;D;230309;000000;257.55;258.3;256.15;257.15;684800
MTSS;D;230310;000000;257;258.8;255.2;257.7;835150
MTSS;D;230313;000000;257.95;258.3;254.25;256.65;1731870
MTSS;D;230314;000000;255.6;257.5;255;255.9;840430
MTSS;D;230315;000000;256.2;257;248.65;249.95;1563360
MTSS;D;230316;000000;250.9;251.4;245.05;247.9;2847450
MTSS;D;230317;000000;248.6;248.9;245.75;248.1;2545790
MTSS;D;230320;000000;248.25;252.8;246.5;251.8;2271200
MTSS;D;230321;000000;251.8;256.85;250.5;255.25;2410320
MTSS;D;230322;000000;255.9;256.6;253.55;254.4;1404030
MTSS;D;230323;000000;254.1;255;252.75;254.4;869160
MTSS;D;230324;000000;254.4;254.6;250.55;252.75;1291280
MTSS;D;230327;000000;253.1;258;250.7;256.85;2722150
MTSS;D;230328;000000;257.25;259.3;254.75;257.6;2746710
MTSS;D;230329;000000;257.7;258.45;256.05;257.95;1725280
MTSS;D;230330;000000;257.95;259.95;257.05;259.3;2220950
MTSS;D;230331;000000;259.3;259.3;254.2;257.85;1902900
MTSS;D;230403;000000;258;258.85;256.6;258;2105200
MTSS;D;230404;000000;257.95;258.25;253.7;254.75;3116200
MTSS;D;230405;000000;255.3;255.4;251.8;254.95;1303160
MTSS;D;230406;000000;255.2;258;254.7;255.75;2014470
MTSS;D;230407;000000;256.7;258;254.45;257.5;1409300
MTSS;D;230410;000000;258.05;259.3;257.05;259.25;2061830
MTSS;D;230411;000000;258.95;263.3;255.4;257;4593340
MTSS;D;230412;000000;258.3;262.95;257;261.25;2767010
MTSS;D;230413;000000;261.25;263.5;257.9;260.4;2025650
MTSS;D;230414;000000;260.85;261.3;258.4;260.05;1820510
MTSS;D;230417;000000;260.2;264.5;260.05;261;2928700
MTSS;D;230418;000000;262.15;265.5;261;265.4;2313760
MTSS;D;230419;000000;265.4;272.25;264;266.7;4933100
MTSS;D;230420;000000;267;270.4;261.3;268.35;2593170
MTSS;D;230421;000000;269.5;269.5;265;266.4;1260550
MTSS;D;230424;000000;266.55;270.5;265.45;269.25;2192150
MTSS;D;230425;000000;269.45;271.4;267;271.3;1367120
MTSS;D;230426;000000;271.4;274;270.6;272.9;1909650
MTSS;D;230427;000000;272.9;274.15;270.05;273.65;1293640
MTSS;D;230428;000000;273.95;274.05;270.3;272.15;966900
MTSS;D;230502;000000;273.75;276.5;265.55;270.7;2863030
MTSS;D;230503;000000;270.7;271.25;264.5;265.05;3434120
MTSS;D;230504;000000;266;269.85;265.4;268.8;1512530
MTSS;D;230505;000000;268.7;269.9;266;266.1;1015650
MTSS;D;230508;000000;267.2;267.7;262.4;263.6;769600
MTSS;D;230510;000000;263.55;274;262.55;272.65;2203960
MTSS;D;230511;000000;273.55;278.1;265.6;272.5;3391370
MTSS;D;230512;000000;272.9;276.65;270;276.4;1744890
MTSS;D;230515;000000;278.9;288;277.65;287.1;8160370
MTSS;D;230516;000000;287.85;295.55;285.95;293.8;5649620
MTSS;D;230517;000000;294.35;295;290.55;293.1;2727090
MTSS;D;230518;000000;293.75;314.95;290.75;313.55;16904800
MTSS;D;230519;000000;313;313;305.6;308;8561540
MTSS;D;230522;000000;309;309.75;301.5;305.3;4120450
MTSS;D;230523;000000;305.75;308;301.65;306.85;3781620
MTSS;D;230524;000000;306.9;308.6;305;306.2;2766220
MTSS;D;230525;000000;306.35;306.9;303.65;306.4;2675650
MTSS;D;230526;000000;306.3;308.15;306.05;308;2509450
MTSS;D;230529;000000;309.35;314.9;308.75;313.65;5172360
MTSS;D;230530;000000;312.7;319.95;311.05;316.6;6217210
MTSS;D;230531;000000;317;318.75;313.65;317.1;4087670
MTSS;D;230601;000000;317.5;319;315.65;317.35;2813580
MTSS;D;230602;000000;318.7;327;317.5;326.85;9210690
MTSS;D;230605;000000;330.05;333.7;325;329.6;8657910
MTSS;D;230606;000000;328.9;329.6;325.4;327.95;5231040
MTSS;D;230607;000000;328.2;328.95;325.05;326.6;3192160
MTSS;D;230608;000000;326.55;327.2;323.25;324.8;3295990
MTSS;D;230609;000000;324.9;329.35;324.4;328.9;3538470
MTSS;D;230613;000000;329.9;331.95;328.5;330.5;3904570
MTSS;D;230614;000000;331.1;331.55;326.45;330.3;2862290
MTSS;D;230615;000000;330.6;337.35;330;336.55;6693830
MTSS;D;230616;000000;336.95;342;335.35;341.95;6291200
MTSS;D;230619;000000;344.9;347.95;341.45;343.7;7826290
MTSS;D;230620;000000;343.5;347.8;335.05;345.65;9695340
MTSS;D;230621;000000;346;348.9;344.7;346.55;6392280
MTSS;D;230622;000000;345.95;347.75;345;345.6;4520940
MTSS;D;230623;000000;345.6;345.95;336;339.75;6272470
MTSS;D;230626;000000;344.95;346.65;338.35;344.2;12990910
MTSS;D;230627;000000;344.1;347;341.15;346.95;16603870
MTSS;D;230628;000000;314.35;315.8;302.75;305.45;32269800
MTSS;D;230629;000000;305.2;309;301.1;303.5;9573720
MTSS;D;230630;000000;302.95;304;295.65;296.75;9837560
MTSS;D;230703;000000;295.9;296;287.05;287.8;12339550
MTSS;D;230704;000000;287.2;296.6;286.3;292.5;10359810
MTSS;D;230705;000000;293.4;299;293.2;298.7;7261320
MTSS;D;230706;000000;299.4;299.8;295;296.15;4447300
MTSS;D;230707;000000;296.65;297.75;295.2;296.55;3191170
MTSS;D;230710;000000;296.5;303.05;295.5;302.2;6154420
MTSS;D;230711;000000;302.65;302.75;298.1;300;3865930
MTSS;D;230712;000000;300.3;300.6;297.65;298.7;3620030
MTSS;D;230713;000000;298.6;299;291.2;297.85;5233700
MTSS;D;230714;000000;297.8;299.75;296;296.8;2970650
MTSS;D;230717;000000;295.8;296.9;293.7;295.15;3239640
MTSS;D;230718;000000;295.15;296.4;294.5;296.05;3236100
MTSS;D;230719;000000;296.4;301.35;296;297.3;4476740
MTSS;D;230720;000000;298;298;291.2;292.1;5367730
MTSS;D;230721;000000;292.1;294;288.6;292.65;4445250
MTSS;D;230724;000000;293.2;296;290.35;291.5;4520510
MTSS;D;230725;000000;291.9;292.6;289.75;291.05;5275320
MTSS;D;230726;000000;291.15;291.25;287.8;288.95;5694530
MTSS;D;230727;000000;288.95;289.25;287.3;288.15;5170950
MTSS;D;230728;000000;288.15;288.15;287.3;287.55;3349100
MTSS;D;230731;000000;287.65;291.5;287.65;290.1;6486720
MTSS;D;230801;000000;290.5;292.3;288.5;290.4;4847250
MTSS;D;230802;000000;290.05;291.6;288.5;289.55;3837970
MTSS;D;230803;000000;289.75;291.35;288.05;290.75;4387100
MTSS;D;230804;000000;291.4;298.35;278.2;288.4;16760110
MTSS;D;230807;000000;290.9;293.95;285.3;290.05;5155540
MTSS;D;230808;000000;289.9;291;286.1;290.6;3940970
MTSS;D;230809;000000;291.2;292.5;288.3;289.6;2815570
MTSS;D;230810;000000;290.4;291.6;289;290.25;2810980
MTSS;D;230811;000000;290.6;292.75;289.3;291.95;4327720
MTSS;D;230814;000000;293.25;295;282.25;284.2;10956000
MTSS;D;230815;000000;282.9;289;279.15;283.2;10152960
MTSS;D;230816;000000;283.15;285.35;277.7;281.95;6903590
MTSS;D;230817;000000;282.8;284;278.55;281.4;4087280
MTSS;D;230818;000000;281.8;293.95;279.7;292.9;9274460
MTSS;D;230821;000000;294.95;295.5;290.6;292.4;7563080
MTSS;D;230822;000000;293;293.95;288;293;8374940
MTSS;D;230823;000000;293.25;294;284.8;285.5;6511700
MTSS;D;230824;000000;286.3;289.5;286;288.65;2229120
MTSS;D;230825;000000;289;290.7;287.05;289;2027920
MTSS;D;230828;000000;290.3;292.1;289.3;290.15;3437690
MTSS;D;230829;000000;290.25;290.7;286;288.05;5153320
MTSS;D;230830;000000;288.1;288.5;283.45;286.15;4753560
MTSS;D;230831;000000;286.45;287.5;283;284.1;5354490
MTSS;D;230901;000000;284.45;285.4;283;283.7;3252700
MTSS;D;230904;000000;284;288.45;283.9;287.7;4371470
MTSS;D;230905;000000;288.3;288.9;286.5;287.6;3483500
MTSS;D;230906;000000;287.55;288.3;285;287.1;2542400
MTSS;D;230907;000000;287;287.8;281.6;283.4;4426120
MTSS;D;230908;000000;283.4;284.1;278;280.6;3865220
MTSS;D;230911;000000;280.1;281.45;278;279;2621310
MTSS;D;230912;000000;279.55;281.8;279.15;281.55;2679250
MTSS;D;230913;000000;281.55;281.55;276.8;277.55;3475000
MTSS;D;230914;000000;278.1;279.45;273.2;277.2;4028320
MTSS;D;230915;000000;277.8;280.6;275.55;278.45;3067280
MTSS;D;230918;000000;279;280.3;273.5;274.95;4109040
MTSS;D;230919;000000;274.65;276.3;270.15;270.95;4379950
MTSS;D;230920;000000;271.1;273.95;266.1;269.95;4693670
MTSS;D;230921;000000;269.95;271.65;268.1;269.5;2473260
MTSS;D;230922;000000;270.25;273;266.45;270.15;2924050
MTSS;D;230925;000000;270.1;272;268.85;270.05;1546060
MTSS;D;230926;000000;269.65;274.85;269;273.3;2224260
MTSS;D;230927;000000;274;277.7;274;276.95;1807680
MTSS;D;230928;000000;276.95;278;274.3;276.9;2245680
MTSS;D;230929;000000;277.35;277.8;274;275.05;1908760
MTSS;D;231002;000000;275;277.8;271.3;272.1;2610400
MTSS;D;231003;000000;272;272.1;268.5;271.4;3536950
MTSS;D;231004;000000;271.35;272.6;268.6;271.85;1956380
MTSS;D;231005;000000;272;272.95;270.2;271;1250510
MTSS;D;231006;000000;271.3;271.85;268;270.25;1837170
MTSS;D;231009;000000;270.45;271.9;269.85;270.9;1576810
MTSS;D;231010;000000;271.4;273;270.05;272.65;1505700
MTSS;D;231011;000000;272.75;274.95;269.15;270.45;2195880
MTSS;D;231012;000000;270.1;271.5;269;271.2;1094000
MTSS;D;231013;000000;271.4;272.95;270.35;271.05;1268830
MTSS;D;231016;000000;272;276.65;271.8;275.6;3325090
MTSS;D;231017;000000;275.8;276.5;274.1;275.9;1346710
MTSS;D;231018;000000;275.95;277.25;272.8;275;2071120
MTSS;D;231019;000000;274.15;275;273;273.4;1164690
MTSS;D;231020;000000;274;275.5;273;274.85;1060500
MTSS;D;231023;000000;274.9;276.4;273.35;275;1556880
MTSS;D;231024;000000;274.95;281;274.55;280.1;4326770
MTSS;D;231025;000000;280.5;286.35;279.9;283.85;4428440
MTSS;D;231026;000000;284.05;285;278.2;279.55;3798030
MTSS;D;231027;000000;279.25;282.25;276.1;282.15;2975750
MTSS;D;231030;000000;282;282.05;277.55;277.7;2283800
MTSS;D;231031;000000;277.75;277.75;269.95;271.75;4205970
MTSS;D;231101;000000;271.5;276;270.25;273.3;2541310
MTSS;D;231102;000000;273.85;274.7;268.65;270.15;4001070
MTSS;D;231103;000000;270.2;271.8;268.65;271.35;2590920
MTSS;D;231106;000000;271.6;274.25;271;271.8;1374080
MTSS;D;231107;000000;272.05;273.95;271.3;272.65;1197160
MTSS;D;231108;000000;273.05;275.5;272.3;274.35;1598680
MTSS;D;231109;000000;274.45;277.65;272.7;276.45;2306840
MTSS;D;231110;000000;275.95;276.4;274.2;274.8;1440100
MTSS;D;231113;000000;274.8;280.95;274.4;278.65;2822410
MTSS;D;231114;000000;279.65;281;272;273;4793900
MTSS;D;231115;000000;272.8;279.4;272;277.05;1867160
MTSS;D;231116;000000;277.4;279.8;270.5;271.05;5422630
MTSS;D;231117;000000;271.2;271.65;266.7;269.05;3708060
MTSS;D;231120;000000;269.5;271.9;268.8;269.95;1744410
MTSS;D;231121;000000;270;274.6;268.5;272.85;2052100
MTSS;D;231122;000000;272.9;274.3;268.55;269.9;3470190
MTSS;D;231123;000000;269;270.95;266;266.25;5031330
MTSS;D;231124;000000;266.5;267.7;262.05;262.85;4202440
MTSS;D;231127;000000;262.95;263.75;259.05;260.2;3463420
MTSS;D;231128;000000;260.5;261.4;257.35;261.25;2308290
MTSS;D;231129;000000;261.4;261.6;256.1;256.5;2487250
MTSS;D;231130;000000;256.6;257.3;252.6;254.45;3440430
MTSS;D;231201;000000;254.5;254.8;249.9;250.15;3121310
MTSS;D;231204;000000;250.15;253.8;245.85;248.75;3463350
MTSS;D;231205;000000;248.75;253.75;248.55;253.45;2134230
MTSS;D;231206;000000;253.4;255.2;247.5;248.2;2311150
MTSS;D;231207;000000;248.2;253.6;248;251.65;3263240
MTSS;D;231208;000000;251.65;255;248.95;251.75;2494500
MTSS;D;231211;000000;251;252.8;246.45;248.55;2655650
MTSS;D;231212;000000;249;253.05;247.7;249.25;3402810
MTSS;D;231213;000000;249.2;251.5;247;251.3;2798620
MTSS;D;231214;000000;251;252.4;247;247.05;1663140
MTSS;D;231215;000000;247.8;251.35;246.6;250.3;1670930
MTSS;D;231218;000000;250.65;255.8;250.3;251.7;3297380
MTSS;D;231219;000000;251.8;254;249.9;253.75;2696170
MTSS;D;231220;000000;253.6;254.7;249.4;250;4529220
MTSS;D;231221;000000;250;250.95;248.15;248.85;2984680
MTSS;D;231222;000000;249.4;250.6;248.15;249.35;2752320
MTSS;D;231225;000000;249.75;251.3;248.1;248.5;2050430
MTSS;D;231226;000000;248.6;250.3;246.8;248.85;2901160
MTSS;D;231227;000000;249.1;249.4;247.1;247.65;2359030
MTSS;D;231228;000000;247.6;250.2;246;248.55;3130440
MTSS;D;231229;000000;248.6;249.5;246.6;248.45;2751280
MTSS;D;240103;000000;248.85;250.9;248.8;250.2;1008130
MTSS;D;240104;000000;250;250.95;248.3;250.4;1308410
MTSS;D;240105;000000;250.7;252.8;250.05;251.6;1970710
MTSS;D;240108;000000;252;256.25;250.4;254.5;2788240
MTSS;D;240109;000000;254.75;263.55;254;261.35;7564890
MTSS;D;240110;000000;261.3;264.5;259.8;263.7;4363990
MTSS;D;240111;000000;264.05;265.95;261.75;262.75;3681910
MTSS;D;240112;000000;262.8;268;262.5;266.85;4351850
MTSS;D;240115;000000;267.1;268.9;264.7;266.8;3642520
MTSS;D;240116;000000;267.5;267.65;264.6;265.4;1941090
MTSS;D;240117;000000;265.5;266.3;263.65;263.95;1614670
MTSS;D;240118;000000;264;265.45;263.65;264.35;1919750
MTSS;D;240119;000000;264.35;264.85;262.25;262.85;1992130
MTSS;D;240122;000000;263.5;264.9;262.4;264.35;2048220
MTSS;D;240123;000000;264.45;266.55;263.95;265.45;1969080
MTSS;D;240124;000000;266.6;272.8;266.6;269.25;7087650
MTSS;D;240125;000000;269.3;269.85;266.2;269.15;2852260
MTSS;D;240126;000000;269.5;271.2;268.2;270.8;2933020
MTSS;D;240129;000000;271.5;273.95;271.15;273.6;3088900
MTSS;D;240130;000000;273.7;274.5;272.05;272.85;2656260
MTSS;D;240131;000000;273.05;275;272.6;274.8;2687830
MTSS;D;240201;000000;274.7;276.65;274.4;275.1;1717770
MTSS;D;240202;000000;275.2;277;274;275.6;1403540
MTSS;D;240205;000000;275.6;281.4;275.1;279.8;4229920
MTSS;D;240206;000000;280.5;280.95;277.35;278.9;1905310
MTSS;D;240207;000000;278.95;279.25;276.5;277.15;1551440
MTSS;D;240208;000000;277.05;277.1;274.9;275.65;2013540
MTSS;D;240209;000000;275.65;278;274.4;277.7;1386400
MTSS;D;240212;000000;278.05;279.4;276.95;277.15;1585640
MTSS;D;240213;000000;277.2;283.35;275.5;280.9;4078810
MTSS;D;240214;000000;280.95;283.5;280.9;283.25;2493720
MTSS;D;240215;000000;283.65;284.35;280.85;281;1655520
MTSS;D;240216;000000;280.9;283.6;279;279.9;2731690
MTSS;D;240219;000000;279.9;281.3;278.3;279.35;2661220
MTSS;D;240220;000000;279.25;279.65;272.6;275;1921260
MTSS;D;240221;000000;274.85;280.1;272.85;278;3670650
MTSS;D;240222;000000;278;280.5;277.65;278.55;1652160
MTSS;D;240226;000000;279.9;282.55;279.7;282.05;2197800
MTSS;D;240227;000000;282.05;283.45;280.5;281.9;1984520
MTSS;D;240228;000000;282.05;285.3;282;284.5;3101000
MTSS;D;240229;000000;284.6;291.25;283.95;290.9;4034430
MTSS;D;240301;000000;291.35;292.5;288.3;290.65;2488740
MTSS;D;240304;000000;290.7;293.25;290.6;291.5;3527610
MTSS;D;240305;000000;291.9;292.9;288.65;290.15;4798570
MTSS;D;240306;000000;291.05;291.05;287.5;288.85;2320170
MTSS;D;240307;000000;288.95;291.4;288.8;290.75;2001870
MTSS;D;240311;000000;291.45;292.5;289.9;290.95;2309610
MTSS;D;240312;000000;290.95;295.05;289.35;293.65;2732050
MTSS;D;240313;000000;294.5;297;292.25;296.3;4325250
MTSS;D;240314;000000;296.5;296.95;290.15;291.8;3029470
MTSS;D;240315;000000;291.9;294.85;291.3;294.4;1765480
MTSS;D;240318;000000;294.4;295.5;291.5;292.2;1926340
MTSS;D;240319;000000;292.2;292.75;287.85;288.9;2212980
MTSS;D;240320;000000;288.9;296;288.85;292.8;5027220
MTSS;D;240321;000000;293.5;294.75;289.75;292.55;2630450
MTSS;D;240322;000000;292.8;293.5;288.05;289.1;2249480
MTSS;D;240325;000000;289.2;292.5;285.35;290.25;3227780
MTSS;D;240326;000000;291;296.75;288.9;296.15;4564970
MTSS;D;240327;000000;297;299.9;296.55;299.4;4729780
MTSS;D;240328;000000;299.85;301;297.05;298.6;2672220
MTSS;D;240329;000000;299.7;299.7;295.3;297.8;3037980
MTSS;D;240401;000000;299.2;302.5;299.05;301.35;3794210
MTSS;D;240402;000000;301.75;302.25;298.7;300.65;2386550
MTSS;D;240403;000000;300.75;304.35;300.4;302.75;3299160
MTSS;D;240404;000000;303.25;303.9;298;298.95;3759400
MTSS;D;240405;000000;299.05;303.05;299.05;300.6;2501950
MTSS;D;240408;000000;301.2;304;300.6;303.4;2859480
MTSS;D;240409;000000;303.95;304.1;301.15;301.65;2369450
MTSS;D;240410;000000;301.95;305.4;301.05;303.15;4267760
MTSS;D;240411;000000;303.7;306.65;301.9;306.5;3927020
MTSS;D;240412;000000;309.5;309.8;303.1;304.9;6175700
MTSS;D;240415;000000;305.8;312.5;305.8;311.35;6986380
MTSS;D;240416;000000;311.5;321;310.65;319.8;13159640
MTSS;D;240417;000000;320.3;321.5;315.05;317.85;5657370
MTSS;D;240418;000000;317.7;318.45;313.05;316.7;4252470
MTSS;D;240419;000000;319.05;321;317.25;318.2;4700520
MTSS;D;240422;000000;319.6;320.4;318.6;319.85;4164220
MTSS;D;240423;000000;320.05;322.6;308.4;311;14150900
MTSS;D;240424;000000;312;312.05;306;309.15;7675710
MTSS;D;240425;000000;309.9;311.25;307.25;309.4;4374420
MTSS;D;240426;000000;310.4;314.7;303.95;310.05;7957390
MTSS;D;240427;000000;310.15;313.5;307;312.4;7302570
MTSS;D;240429;000000;312.9;313.45;309.45;311.5;1848890
MTSS;D;240430;000000;311.5;313;309.6;309.95;1266370
MTSS;D;240502;000000;310.05;311.9;309.6;309.85;1875460
MTSS;D;240503;000000;309.65;309.75;307.3;308.85;2465850
MTSS;D;240506;000000;309;309.85;306.55;308.1;2457590
MTSS;D;240507;000000;308.35;309.1;307;308.45;1902710
MTSS;D;240508;000000;308.7;311.55;308.2;310.7;2654340
MTSS;D;240510;000000;310.95;312.8;310.95;312.15;981950
MTSS;D;240513;000000;313.1;315.3;312;313.1;3277000
MTSS;D;240514;000000;313.6;313.85;310.7;312.1;2206680
MTSS;D;240515;000000;312.3;313.2;311.55;313.05;2083890
MTSS;D;240516;000000;313.25;313.5;311.2;312.6;3210700
MTSS;D;240517;000000;313;313.05;311.05;311.3;2776790
MTSS;D;240520;000000;311.85;312.05;309;309.7;3789320
MTSS;D;240521;000000;310;310;304.7;308;5213430
MTSS;D;240522;000000;308.05;310.45;306.05;307.55;3632200
MTSS;D;240523;000000;307.7;308.35;303.55;306.45;4723930
MTSS;D;240524;000000;307;308;302.05;304.1;2658360
MTSS;D;240527;000000;304.1;305.95;300.2;301.5;4100230
MTSS;D;240528;000000;301.45;304.45;299;300.85;2635060
MTSS;D;240529;000000;300.5;301.5;295;299.05;3955740
MTSS;D;240530;000000;299.4;299.95;291.75;292.95;3156240
MTSS;D;240531;000000;292;294.95;280.7;282.95;4534100
