<DATE>;<TIME>;<OPEN>;<HIGH>;<LOW>;<CLOSE>;<VOL>
250914;095900;303.18;303.18;303.18;303.18;2245
250914;100000;303.18;303.18;302.8;303.05;33316
250914;100100;303.13;303.13;302.8;302.8;15558
250914;100200;302.8;302.8;302.73;302.75;1645
250914;100300;302.74;302.77;302.72;302.76;3596
250914;100400;302.72;302.77;302.72;302.77;1664
250914;100500;302.77;302.84;302.77;302.83;2491
250914;100600;302.83;302.91;302.8;302.91;2217
250914;100700;302.91;302.92;302.86;302.91;2362
250914;100800;302.91;302.96;302.87;302.96;1647
250914;100900;302.91;302.96;302.91;302.96;1445
250914;101000;302.96;302.96;302.95;302.96;2040
250914;101100;302.95;302.96;302.92;302.96;1140
250914;101200;302.96;302.96;302.86;302.93;2323
250914;101300;302.96;302.96;302.86;302.9;1355
250914;101400;302.9;302.9;302.86;302.87;622
250914;101500;302.87;302.95;302.86;302.95;2923
250914;101600;302.95;302.96;302.91;302.96;766
250914;101700;302.96;302.96;302.92;302.96;3187
250914;101800;302.96;302.98;302.93;302.98;6618
250914;101900;302.98;302.98;302.96;302.96;1085
250914;102000;302.98;303;302.95;303;12991
250914;102100;303;303;302.94;302.99;3080
250914;102200;302.99;303;302.95;303;239
250914;102300;303;303.01;302.99;303.01;1727
250914;102400;303;303.01;302.96;303.01;1085
250914;102500;303.01;303.01;302.8;303;19061
250914;102600;302.95;303.01;302.87;303.01;982
250914;102700;303.01;303.01;302.86;302.98;3278
250914;102800;302.98;302.99;302.92;302.98;718
250914;102900;302.98;302.98;302.9;302.9;3439
250914;103000;302.9;302.9;302.88;302.88;1123
250914;103100;302.87;302.88;302.81;302.87;2256
250914;103200;302.86;302.88;302.85;302.87;1867
250914;103300;302.87;302.95;302.85;302.9;7352
250914;103400;302.95;302.95;302.9;302.9;1160
250914;103500;302.93;302.94;302.9;302.94;1233
250914;103600;302.94;302.94;302.92;302.94;661
250914;103700;302.94;302.94;302.92;302.94;434
250914;103800;302.94;302.94;302.93;302.94;158
250914;103900;302.94;302.94;302.92;302.94;1363
250914;104000;302.94;302.95;302.92;302.95;3391
250914;104100;302.95;302.95;302.92;302.95;1990
250914;104200;302.95;302.96;302.87;302.95;7192
250914;104300;302.96;302.96;302.85;302.96;1286
250914;104400;302.95;302.97;302.94;302.95;6257
250914;104500;302.95;302.95;302.8;302.94;4369
250914;104600;302.94;302.94;302.85;302.88;531
250914;104700;302.88;302.94;302.88;302.94;230
250914;104800;302.94;302.94;302.85;302.85;1598
250914;104900;302.85;302.9;302.85;302.89;339
250914;105000;302.89;302.9;302.85;302.9;1375
250914;105100;302.9;302.9;302.85;302.9;578
250914;105200;302.9;302.9;302.85;302.9;881
250914;105300;302.9;302.9;302.85;302.9;112
250914;105400;302.85;302.9;302.81;302.89;2302
250914;105500;302.89;302.9;302.81;302.9;1339
250914;105600;302.89;302.9;302.83;302.9;684
250914;105700;302.86;302.9;302.86;302.89;1671
250914;105800;302.89;302.9;302.86;302.89;1202
250914;105900;302.89;302.9;302.86;302.89;1280
250914;110000;302.9;302.95;302.86;302.9;1255
250914;110100;302.9;302.94;302.86;302.92;2198
250914;110200;302.87;302.94;302.87;302.94;273
250914;110300;302.94;302.95;302.91;302.95;320
250914;110400;302.95;302.95;302.91;302.94;672
250914;110500;302.94;302.94;302.91;302.94;387
250914;110600;302.94;302.94;302.89;302.91;1712
250914;110700;302.9;302.91;302.9;302.91;166
250914;110800;302.91;302.94;302.9;302.94;1232
250914;110900;302.94;302.94;302.91;302.94;411
250914;111000;302.94;302.94;302.93;302.93;1240
250914;111100;302.94;302.95;302.93;302.95;984
250914;111200;302.93;302.95;302.93;302.95;500
250914;111300;302.95;302.95;302.93;302.95;1791
250914;111400;302.95;302.95;302.9;302.94;1183
250914;111500;302.91;302.95;302.91;302.91;659
250914;111600;302.95;302.96;302.91;302.96;3597
250914;111700;302.96;302.96;302.88;302.95;3708
250914;111800;302.95;302.95;302.9;302.95;289
250914;111900;302.95;302.95;302.91;302.94;229
250914;112000;302.94;302.96;302.92;302.96;1995
250914;112100;302.95;302.96;302.95;302.95;1344
250914;112200;302.96;302.96;302.95;302.95;998
250914;112300;302.95;302.95;302.89;302.94;1203
250914;112400;302.94;302.94;302.9;302.9;305
250914;112500;302.91;302.94;302.91;302.94;725
250914;112600;302.94;302.94;302.93;302.94;788
250914;112700;302.94;302.94;302.93;302.94;2138
250914;112800;302.94;302.94;302.93;302.94;421
250914;112900;302.94;302.94;302.91;302.94;1061
250914;113000;302.94;302.94;302.92;302.94;102
250914;113100;302.94;302.94;302.91;302.91;709
250914;113200;302.94;302.94;302.91;302.91;462
250914;113300;302.92;302.92;302.91;302.91;866
250914;113400;302.91;302.92;302.91;302.92;388
250914;113500;302.92;302.92;302.91;302.92;643
250914;113600;302.92;302.92;302.88;302.89;3442
250914;113700;302.89;302.92;302.88;302.91;829
250914;113800;302.92;302.92;302.88;302.88;2644
250914;113900;302.88;302.92;302.88;302.9;492
250914;114000;302.9;302.92;302.89;302.92;777
250914;114100;302.9;302.92;302.89;302.9;6149
250914;114200;302.92;302.92;302.91;302.91;197
250914;114300;302.91;302.91;302.89;302.91;458
250914;114400;302.91;302.92;302.87;302.91;1956
250914;114500;302.87;302.91;302.87;302.9;134
250914;114600;302.9;302.91;302.87;302.87;715
250914;114700;302.87;302.91;302.86;302.91;107
250914;114800;302.9;302.92;302.87;302.91;1159
250914;114900;302.91;302.91;302.87;302.91;1385
250914;115000;302.91;302.91;302.86;302.9;924
250914;115100;302.9;302.9;302.8;302.81;4819
250914;115200;302.81;302.81;302.8;302.81;4040
250914;115300;302.8;302.9;302.8;302.87;2791
250914;115400;302.87;302.88;302.81;302.87;1036
250914;115500;302.83;302.9;302.82;302.87;1863
250914;115600;302.87;302.9;302.82;302.84;432
250914;115700;302.84;302.84;302.82;302.84;213
250914;115800;302.84;302.9;302.82;302.9;871
250914;115900;302.9;302.9;302.84;302.88;852
250914;120000;302.85;302.88;302.84;302.87;969
250914;120100;302.84;302.89;302.84;302.88;627
250914;120200;302.85;302.89;302.85;302.89;1362
250914;120300;302.89;302.89;302.85;302.89;352
250914;120400;302.89;302.89;302.84;302.88;646
250914;120500;302.88;302.88;302.84;302.88;221
250914;120600;302.88;302.89;302.88;302.89;1019
250914;120700;302.88;302.89;302.85;302.88;328
250914;120800;302.88;302.88;302.84;302.88;420
250914;120900;302.88;302.88;302.84;302.88;71
250914;121000;302.88;302.89;302.84;302.89;219
250914;121100;302.89;302.89;302.88;302.88;427
250914;121200;302.89;302.89;302.88;302.89;225
250914;121300;302.89;302.91;302.88;302.91;1042
250914;121400;302.91;302.91;302.86;302.89;128
250914;121500;302.9;302.9;302.85;302.89;297
250914;121600;302.89;302.89;302.86;302.89;184
250914;121700;302.89;302.89;302.84;302.89;1668
250914;121800;302.89;302.91;302.83;302.91;3230
250914;121900;302.91;302.91;302.86;302.86;535
250914;122000;302.86;302.9;302.85;302.9;759
250914;122100;302.9;302.91;302.84;302.91;1324
250914;122200;302.91;302.91;302.9;302.91;248
250914;122300;302.9;302.91;302.87;302.9;3789
250914;122400;302.87;302.9;302.85;302.9;349
250914;122500;302.9;302.9;302.83;302.89;1082
250914;122600;302.89;302.9;302.85;302.9;1177
250914;122700;302.89;302.9;302.85;302.9;155
250914;122800;302.86;302.9;302.83;302.88;1695
250914;122900;302.88;302.9;302.83;302.85;564
250914;123000;302.84;302.9;302.84;302.89;271
250914;123100;302.89;302.89;302.8;302.87;10575
250914;123200;302.87;302.87;302.81;302.86;442
250914;123300;302.86;302.86;302.79;302.84;6360
250914;123400;302.84;302.85;302.8;302.8;109
250914;123500;302.87;302.87;302.8;302.85;396
250914;123600;302.82;302.84;302.8;302.83;552
250914;123700;302.83;302.87;302.82;302.87;1391
250914;123800;302.87;302.87;302.79;302.84;5457
250914;123900;302.82;302.84;302.81;302.84;390
250914;124000;302.81;302.84;302.8;302.83;270
250914;124100;302.82;302.83;302.82;302.82;259
250914;124200;302.83;302.83;302.8;302.83;316
250914;124300;302.83;302.84;302.79;302.83;270
250914;124400;302.79;302.84;302.79;302.84;895
250914;124500;302.85;302.87;302.83;302.87;328
250914;124600;302.84;302.85;302.79;302.83;2391
250914;124700;302.81;302.85;302.78;302.82;6934
250914;124800;302.83;302.83;302.79;302.83;164
250914;124900;302.83;302.85;302.77;302.85;1944
250914;125000;302.85;302.85;302.83;302.85;477
250914;125100;302.85;302.85;302.83;302.85;250
250914;125200;302.85;302.85;302.75;302.8;5838
250914;125300;302.8;302.8;302.75;302.79;835
250914;125400;302.79;302.8;302.75;302.78;267
250914;125500;302.78;302.78;302.75;302.78;327
250914;125600;302.78;302.78;302.76;302.76;106
250914;125700;302.77;302.78;302.76;302.78;767
250914;125800;302.78;302.8;302.76;302.8;568
250914;125900;302.8;302.84;302.75;302.84;8381
250914;130000;302.84;302.87;302.8;302.87;5575
250914;130100;302.87;302.87;302.81;302.87;186
250914;130200;302.85;302.87;302.81;302.87;371
250914;130300;302.86;302.87;302.81;302.87;4849
250914;130400;302.87;302.87;302.78;302.79;3975
250914;130500;302.8;302.87;302.8;302.87;1378
250914;130600;302.87;302.87;302.85;302.87;7381
250914;130700;302.87;302.88;302.86;302.88;1063
250914;130800;302.88;302.92;302.88;302.92;2663
250914;130900;302.92;302.92;302.9;302.92;296
250914;131000;302.9;302.94;302.9;302.9;13076
250914;131100;302.94;302.94;302.9;302.94;814
250914;131200;302.94;303.01;302.94;303.01;40077
250914;131300;303.01;303.03;303;303.02;1672
250914;131400;303.03;303.03;303.02;303.03;1087
250914;131500;303.03;303.13;303.03;303.1;5438
250914;131600;303.14;303.14;303.04;303.12;309
250914;131700;303.12;303.12;303.04;303.04;742
250914;131800;303.06;303.12;303.04;303.08;1181
250914;131900;303.12;303.14;303.08;303.14;316
250914;132000;303.14;303.14;303.07;303.14;221
250914;132100;303.13;303.14;303.09;303.14;91
250914;132200;303.14;303.14;303.08;303.13;159
250914;132300;303.13;303.13;303.03;303.05;1553
250914;132400;303.11;303.12;303.05;303.12;94
250914;132500;303.1;303.12;303.03;303.11;1117
250914;132600;303.05;303.12;303.05;303.12;1069
250914;132700;303.12;303.28;303.12;303.22;8614
250914;132800;303.26;303.33;303.25;303.31;18453
250914;132900;303.31;303.32;303.26;303.32;250
250914;133000;303.32;303.32;303.26;303.3;722
250914;133100;303.3;303.3;303.2;303.26;3130
250914;133200;303.25;303.27;303.18;303.26;2105
250914;133300;303.24;303.3;303.24;303.29;1377
250914;133400;303.29;303.29;303.26;303.26;68
250914;133500;303.29;303.29;303.26;303.28;645
250914;133600;303.29;303.29;303.29;303.29;581
250914;133700;303.28;303.29;303.28;303.29;846
250914;133800;303.29;303.33;303.28;303.32;3790
250914;133900;303.33;303.33;303.28;303.31;659
250914;134000;303.31;303.31;303.28;303.31;2102
250914;134100;303.29;303.33;303.27;303.29;3399
250914;134200;303.29;303.33;303.29;303.3;425
250914;134300;303.3;303.32;303.29;303.3;333
250914;134400;303.3;303.33;303.29;303.33;4259
250914;134500;303.35;303.4;303.33;303.4;3355
250914;134600;303.4;303.4;303.33;303.4;746
250914;134700;303.4;303.4;303.28;303.28;1375
250914;134800;303.39;303.4;303.35;303.4;2748
250914;134900;303.4;303.4;303.39;303.39;1922
250914;135000;303.4;303.4;303.35;303.4;1915
250914;135100;303.36;303.4;303.36;303.4;1929
250914;135200;303.4;303.4;303.34;303.38;98
250914;135300;303.38;303.4;303.34;303.4;3100
250914;135400;303.39;303.39;303.31;303.31;1508
250914;135500;303.31;303.35;303.3;303.34;1348
250914;135600;303.35;303.37;303.3;303.37;2418
250914;135700;303.39;303.39;303.35;303.39;212
250914;135800;303.39;303.4;303.36;303.39;186
250914;135900;303.39;303.39;303.32;303.37;2871
250914;140000;303.37;303.39;303.37;303.38;304
250914;140100;303.39;303.39;303.36;303.36;1811
250914;140200;303.38;303.38;303.33;303.38;2881
250914;140300;303.38;303.38;303.34;303.38;1819
250914;140400;303.38;303.39;303.36;303.38;1926
250914;140500;303.38;303.44;303.36;303.42;3166
250914;140600;303.42;303.42;303.4;303.4;1244
250914;140700;303.42;303.44;303.38;303.38;4783
250914;140800;303.38;303.39;303.38;303.39;3025
250914;140900;303.39;303.39;303.36;303.38;221
250914;141000;303.38;303.39;303.37;303.39;1930
250914;141100;303.39;303.39;303.38;303.39;741
250914;141200;303.39;303.39;303.38;303.38;2380
250914;141300;303.39;303.4;303.38;303.39;7665
250914;141400;303.4;303.45;303.39;303.45;2177
250914;141500;303.45;303.45;303.39;303.44;985
250914;141600;303.45;303.45;303.43;303.45;115
250914;141700;303.45;303.47;303.43;303.46;610
250914;141800;303.46;303.46;303.43;303.45;1828
250914;141900;303.45;303.45;303.43;303.45;1291
250914;142000;303.45;303.47;303.4;303.45;3684
250914;142100;303.45;303.47;303.4;303.4;1092
250914;142200;303.4;303.46;303.4;303.45;1107
250914;142300;303.45;303.45;303.4;303.4;1994
250914;142400;303.4;303.45;303.38;303.45;1325
250914;142500;303.43;303.47;303.43;303.47;10889
250914;142600;303.47;303.49;303.47;303.49;386
250914;142700;303.49;303.49;303.46;303.47;217
250914;142800;303.48;303.49;303.47;303.49;1134
250914;142900;303.49;303.49;303.46;303.49;6455
250914;143000;303.49;303.49;303.47;303.49;367
250914;143100;303.48;303.49;303.47;303.49;1319
250914;143200;303.49;303.5;303.47;303.47;16462
250914;143300;303.47;303.5;303.47;303.48;1387
250914;143400;303.47;303.48;303.46;303.48;3679
250914;143500;303.48;303.48;303.46;303.48;616
250914;143600;303.48;303.5;303.4;303.47;9372
250914;143700;303.45;303.53;303.4;303.53;9579
250914;143800;303.52;303.55;303.52;303.55;169
250914;143900;303.52;303.55;303.48;303.51;7116
250914;144000;303.51;303.55;303.48;303.48;260
250914;144100;303.52;303.52;303.48;303.52;478
250914;144200;303.52;303.53;303.51;303.52;170
250914;144300;303.53;303.53;303.52;303.53;264
250914;144400;303.53;303.53;303.52;303.53;356
250914;144500;303.53;303.53;303.51;303.53;2974
250914;144600;303.53;303.53;303.52;303.53;663
250914;144700;303.53;303.53;303.53;303.53;319
250914;144800;303.52;303.53;303.52;303.53;1444
250914;144900;303.53;303.59;303.52;303.59;6209
250914;145000;303.59;303.59;303.55;303.58;2325
250914;145100;303.59;303.6;303.56;303.57;3699
250914;145200;303.57;303.57;303.55;303.57;2109
250914;145300;303.57;303.58;303.56;303.58;1322
250914;145400;303.58;303.58;303.57;303.58;1373
250914;145500;303.58;303.58;303.57;303.57;2731
250914;145600;303.57;303.58;303.54;303.56;5778
250914;145700;303.56;303.58;303.55;303.58;380
250914;145800;303.58;303.58;303.56;303.58;383
250914;145900;303.58;303.58;303.56;303.56;1969
250914;150000;303.57;303.57;303.56;303.57;914
250914;150100;303.57;303.58;303.56;303.58;5144
250914;150200;303.58;303.58;303.56;303.57;5111
250914;150300;303.57;303.57;303.56;303.57;209
250914;150400;303.57;303.6;303.57;303.6;781
250914;150500;303.6;303.6;303.59;303.6;230
250914;150600;303.6;303.6;303.59;303.6;46478
250914;150700;303.6;303.69;303.6;303.69;19614
250914;150800;303.69;303.96;303.69;303.95;39512
250914;150900;303.95;303.95;303.81;303.85;3919
250914;151000;303.85;303.88;303.84;303.85;944
250914;151100;303.85;303.91;303.84;303.9;2409
250914;151200;303.91;303.96;303.91;303.93;1949
250914;151300;303.94;303.95;303.9;303.91;3978
250914;151400;303.9;303.93;303.9;303.93;2594
250914;151500;303.94;303.96;303.94;303.96;1256
250914;151600;303.95;303.95;303.94;303.95;5145
250914;151700;303.94;303.96;303.94;303.96;47824
250914;151800;303.97;304.02;303.96;304.01;6765
250914;151900;304.02;304.02;304.01;304.02;10378
250914;152000;304.01;304.02;304;304.01;8299
250914;152100;304.01;304.02;304;304.02;17578
250914;152200;304.01;304.06;304.01;304.05;11064
250914;152300;304.05;304.15;304.04;304.13;19314
250914;152400;304.13;304.17;304.12;304.17;1201
250914;152500;304.17;304.17;304.05;304.05;5712
250914;152600;304.09;304.14;304.08;304.14;2555
250914;152700;304.13;304.22;304.11;304.15;12189
250914;152800;304.15;304.15;304.11;304.12;2593
250914;152900;304.12;304.13;304.01;304.09;19057
250914;153000;304.09;304.12;304.01;304.01;2745
250914;153100;304.02;304.13;304.02;304.07;5469
250914;153200;304.13;304.13;304.04;304.11;577
250914;153300;304.1;304.11;304.07;304.09;2516
250914;153400;304.1;304.11;304.07;304.11;2328
250914;153500;304.1;304.11;304.08;304.09;4272
250914;153600;304.09;304.11;304.08;304.11;5316
250914;153700;304.11;304.11;304.1;304.11;3746
250914;153800;304.11;304.11;304.09;304.1;3441
250914;153900;304.09;304.1;304.07;304.1;4715
250914;154000;304.1;304.11;304.08;304.11;7007
250914;154100;304.11;304.22;304.11;304.2;4947
250914;154200;304.2;304.24;304.2;304.24;1825
250914;154300;304.24;304.24;304.12;304.17;3561
250914;154400;304.22;304.23;304.16;304.22;2356
250914;154500;304.22;304.22;304.16;304.19;5622
250914;154600;304.21;304.21;304.2;304.21;1662
250914;154700;304.21;304.23;304.2;304.22;1906
250914;154800;304.22;304.22;304.21;304.21;374
250914;154900;304.22;304.23;304.2;304.21;7078
250914;155000;304.23;304.25;304.21;304.23;2062
250914;155100;304.23;304.23;304.18;304.2;2061
250914;155200;304.2;304.21;304.18;304.21;650
250914;155300;304.21;304.21;304.17;304.17;4235
250914;155400;304.19;304.19;304.17;304.19;10324
250914;155500;304.19;304.19;304.1;304.15;3196
250914;155600;304.11;304.15;304.09;304.09;8689
250914;155700;304.09;304.16;304.08;304.16;2394
250914;155800;304.17;304.17;304.1;304.1;740
250914;155900;304.14;304.14;304.09;304.09;2824
250914;160000;304.09;304.14;304.09;304.1;5518
250914;160100;304.14;304.14;304.1;304.14;1803
250914;160200;304.11;304.14;304.11;304.14;614
250914;160300;304.14;304.14;304.11;304.11;882
250914;160400;304.14;304.18;304.13;304.17;2084
250914;160500;304.13;304.18;304.13;304.18;347
250914;160600;304.18;304.18;304.14;304.18;1831
250914;160700;304.18;304.18;304.15;304.15;754
250914;160800;304.18;304.18;304.14;304.15;1205
250914;160900;304.15;304.18;304.13;304.18;1305
250914;161000;304.18;304.18;304.15;304.15;165
250914;161100;304.15;304.16;304.11;304.11;5372
250914;161200;304.15;304.16;304.11;304.16;448
250914;161300;304.15;304.18;304.11;304.13;10344
250914;161400;304.17;304.18;304.11;304.11;1444
250914;161500;304.13;304.18;304.12;304.16;3785
250914;161600;304.17;304.18;304.16;304.18;1550
250914;161700;304.18;304.2;303.98;304.2;52485
250914;161800;304.2;304.2;303.97;303.99;48014
250914;161900;303.99;303.99;303.93;303.99;8996
250914;162000;303.97;303.99;303.96;303.99;195
250914;162100;303.99;304;303.97;304;506
250914;162200;304;304.1;304;304.1;2840
250914;162300;304.08;304.11;304.05;304.06;718
250914;162400;304.08;304.16;304.03;304.11;3628
250914;162500;304.11;304.11;304.05;304.11;575
250914;162600;304.11;304.14;304.1;304.14;409
250914;162700;304.13;304.13;304.1;304.13;280
250914;162800;304.13;304.13;304.1;304.1;506
250914;162900;304.11;304.11;304.03;304.04;1762
250914;163000;304.04;304.15;304.04;304.15;1188
250914;163100;304.15;304.17;304.09;304.15;1634
250914;163200;304.16;304.18;304.13;304.18;1593
250914;163300;304.17;304.23;304.17;304.17;2680
250914;163400;304.21;304.21;304.13;304.2;1071
250914;163500;304.19;304.22;304.14;304.22;415
250914;163600;304.22;304.22;304.14;304.22;1467
250914;163700;304.22;304.23;304.17;304.23;106
250914;163800;304.23;304.23;304.19;304.19;221
250914;163900;304.19;304.22;304.17;304.17;388
250914;164000;304.18;304.18;304.17;304.18;1637
250914;164100;304.18;304.18;304.14;304.14;167
250914;164200;304.16;304.17;304.14;304.14;459
250914;164300;304.17;304.18;304.14;304.18;2325
250914;164400;304.18;304.18;304.14;304.14;1162
250914;164500;304.17;304.18;304.16;304.18;74
250914;164600;304.18;304.18;304.14;304.14;383
250914;164700;304.17;304.17;304.13;304.17;2026
250914;164800;304.17;304.17;304.01;304.12;3194
250914;164900;304.12;304.12;303.97;303.99;3176
250914;165000;303.98;303.98;303.88;303.94;2119
250914;165100;303.89;303.98;303.89;303.98;154
250914;165200;303.98;304.04;303.95;304.04;407
250914;165300;304.04;304.04;303.96;304.04;296
250914;165400;304.04;304.04;304;304;618
250914;165500;304.03;304.04;304;304.04;913
250914;165600;304;304.03;303.96;304;1151
250914;165700;304.03;304.05;304;304.05;143
250914;165800;304.05;304.05;304.01;304.01;380
250914;165900;304.05;304.09;303.99;304.09;9561
250914;170000;304.09;304.18;304.04;304.17;6952
250914;170100;304.17;304.18;304.08;304.18;580
250914;170200;304.17;304.23;304.17;304.23;5114
250914;170300;304.16;304.22;303.91;304.05;18228
250914;170400;304.1;304.11;304.05;304.1;159
250914;170500;304.05;304.07;304;304.06;2297
250914;170600;304;304.05;304;304.05;155
250914;170700;304.05;304.1;304.05;304.09;224
250914;170800;304.09;304.09;303.99;304.08;1035
250914;170900;304.08;304.08;304.05;304.06;74
250914;171000;304.06;304.06;304.05;304.06;100
250914;171100;304.06;304.06;304;304.05;1725
250914;171200;304.05;304.05;304;304.05;1219
250914;171300;304.05;304.06;303.95;304.06;1361
250914;171400;303.98;304.06;303.98;304;539
250914;171500;304.06;304.06;303.99;304;990
250914;171600;304;304;303.99;304;731
250914;171700;304;304;303.96;303.99;958
250914;171800;303.99;303.99;303.95;303.99;158
250914;171900;303.96;303.99;303.94;303.98;479
250914;172000;303.94;303.98;303.94;303.94;321
250914;172100;303.98;303.98;303.94;303.98;5434
250914;172200;303.94;304;303.94;304;1084
250914;172300;304;304;303.98;304;40
250914;172400;304;304.05;303.99;304;1308
250914;172500;304;304.06;303.99;304.06;1714
250914;172600;304.06;304.1;303.99;304.09;2081
250914;172700;304.09;304.09;304.05;304.08;427
250914;172800;304.08;304.1;304.05;304.1;887
250914;172900;304.1;304.1;303.96;304.05;950
250914;173000;304.05;304.1;304.04;304.09;1086
250914;173100;304.09;304.1;304.01;304.1;203
250914;173200;304.1;304.1;304.06;304.1;2250
250914;173300;304.1;304.1;304.06;304.1;1491
250914;173400;304.1;304.1;304.06;304.1;2415
250914;173500;304.1;304.1;304.06;304.1;2074
250914;173600;304.1;304.1;304.04;304.09;821
250914;173700;304.09;304.1;304.01;304.09;493
250914;173800;304.07;304.09;303.96;304.07;1033
250914;173900;304.07;304.07;304.01;304.07;111
250914;174000;304.01;304.07;304.01;304.01;838
250914;174100;304.01;304.07;304.01;304.07;509
250914;174200;304.07;304.07;303.96;304.05;2746
250914;174300;304.05;304.05;303.89;303.89;20206
250914;174400;303.94;303.94;303.89;303.89;2412
250914;174500;303.89;303.89;303.88;303.89;480
250914;174600;303.89;303.89;303.88;303.89;63
250914;174700;303.89;303.94;303.88;303.92;709
250914;174800;303.92;303.92;303.87;303.87;520
250914;174900;303.9;303.97;303.88;303.9;308
250914;175000;303.96;304.05;303.87;303.96;2426
250914;175100;304.04;304.07;304.01;304.01;204
250914;175200;304.01;304.09;304.01;304.01;2039
250914;175300;304.08;304.09;304.02;304.02;3107
250914;175400;304.01;304.02;304;304.02;1747
250914;175500;304.02;304.02;304.01;304.02;81
250914;175600;304.02;304.02;304.01;304.02;128
250914;175700;304.02;304.02;304.01;304.02;353
250914;175800;304.02;304.02;304;304.02;1208
250914;175900;304.02;304.04;303.86;303.9;4859
250914;180000;303.9;303.97;303.58;303.84;15138
250914;180100;303.84;303.84;303.65;303.81;9260
250914;180200;303.8;303.81;303.7;303.7;3100
250914;180300;303.77;303.82;303.64;303.69;5583
250914;180400;303.68;303.79;303.68;303.79;5222
250914;180500;303.7;303.81;303.69;303.81;1127
250914;180600;303.81;303.88;303.69;303.81;6097
250914;180700;303.82;303.82;303.7;303.75;1209
250914;180800;303.71;303.71;303.69;303.71;4840
250914;180900;303.71;303.82;303.7;303.81;3666
250914;181000;303.81;303.87;303.74;303.76;4809
250914;181100;303.83;303.86;303.75;303.75;1125
250914;181200;303.79;303.81;303.71;303.71;1587
250914;181300;303.78;303.81;303.74;303.81;1299
250914;181400;303.81;303.84;303.8;303.8;111
250914;181500;303.84;303.84;303.8;303.84;532
250914;181600;303.84;303.86;303.8;303.81;1503
250914;181700;303.84;303.85;303.81;303.85;834
250914;181800;303.85;303.85;303.82;303.85;1253
250914;181900;303.82;303.86;303.82;303.86;454
250914;182000;303.86;303.99;303.86;303.99;5552
250914;182100;303.99;304.08;303.98;304.06;6640
250914;182200;304.07;304.07;304.01;304.02;331
250914;182300;304.02;304.02;303.89;303.95;679
250914;182400;303.95;303.95;303.87;303.93;406
250914;182500;303.92;303.93;303.87;303.91;727
250914;182600;303.89;303.89;303.86;303.86;93
250914;182700;303.89;303.89;303.83;303.89;958
250914;182800;303.89;303.89;303.81;303.89;1036
250914;182900;303.89;303.93;303.82;303.93;3986
250914;183000;303.93;303.93;303.86;303.89;496
250914;183100;303.89;303.93;303.84;303.92;736
250914;183200;303.91;303.91;303.84;303.91;251
250914;183300;303.91;303.93;303.85;303.9;378
250914;183400;303.9;303.95;303.88;303.92;6076
250914;183500;303.92;303.94;303.88;303.9;632
250914;183600;303.9;303.93;303.89;303.93;1292
250914;183700;303.9;303.94;303.89;303.94;620
250914;183800;303.94;303.94;303.88;303.93;809
250914;183900;303.93;303.93;303.86;303.92;364
250914;184000;303.92;303.94;303.85;303.92;2164
250914;184100;303.86;303.94;303.81;303.91;1712
250914;184200;303.91;303.93;303.81;303.92;4850
250914;184300;303.92;303.93;303.84;303.93;456
250914;184400;303.92;303.92;303.67;303.87;8180
250914;184500;303.91;304;303.87;304;3930
250914;184600;304;304;303.9;303.9;1431
250914;184700;303.93;304;303.9;303.96;457
250914;184800;303.96;304;303.93;304;344
250914;184900;303.99;304;303.85;303.99;388
250914;185000;303.99;304;303.87;303.89;210
250914;185100;303.89;304;303.87;303.99;459
250914;185200;303.98;304.09;303.9;304.09;19841
250914;185300;304.09;304.09;304;304.08;168
250914;185400;304.09;304.09;304.01;304.09;1039
250914;185500;304.08;304.09;304;304.05;144
250914;185600;304;304.07;303.97;304.04;6258
250914;185700;304.04;304.06;304.04;304.06;1912
250914;185800;304.05;304.08;304.05;304.06;358
250914;185900;304.05;304.07;303.97;303.97;2308
250915;070000;304.02;304.56;304;304.41;36342
250915;070100;304.43;304.75;304.43;304.59;29528
250915;070200;304.59;304.59;304.51;304.57;12480
250915;070300;304.57;304.58;304.26;304.4;18547
250915;070400;304.39;304.39;304.18;304.3;14138
250915;070500;304.27;304.4;304.21;304.39;10293
250915;070600;304.37;304.59;304.34;304.59;14412
250915;070700;304.58;304.6;304.58;304.6;5566
250915;070800;304.6;304.73;304.6;304.68;10984
250915;070900;304.68;304.68;304.61;304.63;12047
250915;071000;304.62;304.63;304.59;304.6;8165
250915;071100;304.6;304.6;304.4;304.4;42104
250915;071200;304.4;304.4;304.2;304.31;16174
250915;071300;304.31;304.31;304.18;304.21;3691
250915;071400;304.21;304.25;304.18;304.19;6916
250915;071500;304.18;304.19;304;304.1;37297
250915;071600;304.15;304.22;304.11;304.22;2755
250915;071700;304.21;304.44;304.21;304.44;15855
250915;071800;304.47;304.5;304.42;304.49;369
250915;071900;304.49;304.5;304.48;304.49;6486
250915;072000;304.48;304.5;304.35;304.35;12102
250915;072100;304.45;304.45;304.32;304.33;2429
250915;072200;304.33;304.33;304.25;304.25;4897
250915;072300;304.3;304.3;304.25;304.27;2693
250915;072400;304.27;304.3;304.26;304.3;458
250915;072500;304.3;304.3;304.2;304.29;7292
250915;072600;304.28;304.29;304.2;304.2;6544
250915;072700;304.23;304.23;304.1;304.14;1229
250915;072800;304.13;304.19;304.1;304.19;483
250915;072900;304.14;304.33;304.14;304.33;21669
250915;073000;304.33;304.33;304.22;304.23;3016
250915;073100;304.17;304.22;304.12;304.13;2887
250915;073200;304.14;304.3;304.12;304.28;11878
250915;073300;304.29;304.3;304.19;304.2;8284
250915;073400;304.2;304.41;304.19;304.41;14611
250915;073500;304.41;304.45;304.38;304.44;2198
250915;073600;304.44;304.45;304.35;304.45;8857
250915;073700;304.44;304.45;304.32;304.37;2741
250915;073800;304.32;304.37;304.21;304.23;820
250915;073900;304.23;304.23;304;304.09;29914
250915;074000;304.09;304.09;303.8;303.87;34487
250915;074100;303.88;304;303.87;303.92;17612
250915;074200;303.92;303.92;303.77;303.77;4294
250915;074300;303.82;303.94;303.77;303.94;9161
250915;074400;303.94;303.94;303.8;303.83;4255
250915;074500;303.83;304;303.83;303.99;1769
250915;074600;303.99;304;303.78;303.88;25080
250915;074700;303.98;303.99;303.78;303.84;968
250915;074800;303.81;303.88;303.77;303.8;4627
250915;074900;303.81;303.98;303.8;303.98;8302
250915;075000;303.96;303.96;303.79;303.89;3535
250915;075100;303.89;303.9;303.87;303.9;835
250915;075200;303.89;303.9;303.8;303.86;6431
250915;075300;303.86;304;303.86;303.98;11970
250915;075400;303.99;303.99;303.96;303.97;3464
250915;075500;303.98;304.08;303.97;304.08;20772
250915;075600;304.08;304.1;304.05;304.08;4330
250915;075700;304.07;304.08;304.07;304.08;818
250915;075800;304.07;304.08;304;304.05;3643
250915;075900;304.05;304.05;304;304.04;419
250915;080000;304.04;304.08;304.03;304.08;2168
250915;080100;304.08;304.08;304.06;304.08;2023
250915;080200;304.08;304.1;304.04;304.1;7145
250915;080300;304.1;304.1;304.05;304.1;1039
250915;080400;304.1;304.1;303.98;304;3128
250915;080500;304;304.1;304;304.1;1912
250915;080600;304.03;304.1;304.03;304.08;2701
250915;080700;304.1;304.38;304.1;304.27;46026
250915;080800;304.38;304.42;304.29;304.29;14560
250915;080900;304.41;304.41;304.29;304.39;3896
250915;081000;304.39;304.39;304.29;304.29;1099
250915;081100;304.29;304.39;304.24;304.37;5743
250915;081200;304.29;304.38;304.15;304.2;10541
250915;081300;304.2;304.23;304.15;304.23;3469
250915;081400;304.23;304.27;304.16;304.21;12392
250915;081500;304.21;304.3;304.21;304.3;3580
250915;081600;304.3;304.3;304.1;304.1;29145
250915;081700;304.1;304.1;304.09;304.1;794
250915;081800;304.1;304.1;304.09;304.1;832
250915;081900;304.24;304.24;304;304.1;38889
250915;082000;304.1;304.1;304;304;1895
250915;082100;304;304.06;303.97;304.05;9677
250915;082200;304.01;304.1;304.01;304.07;1500
250915;082300;304.07;304.07;304.03;304.05;3705
250915;082400;304.04;304.04;304.03;304.03;433
250915;082500;304.03;304.1;304.03;304.05;926
250915;082600;304.1;304.3;304.04;304.29;31614
250915;082700;304.22;304.3;304.21;304.27;3468
250915;082800;304.27;304.4;304.18;304.39;30657
250915;082900;304.28;304.39;304.22;304.27;3707
250915;083000;304.3;304.45;304.28;304.4;23287
250915;083100;304.4;304.4;304.3;304.39;5606
250915;083200;304.39;304.39;304.3;304.39;2947
250915;083300;304.39;304.39;304.31;304.39;951
250915;083400;304.36;304.39;304.36;304.39;2658
250915;083500;304.39;304.45;304.38;304.44;1658
250915;083600;304.44;304.45;304.38;304.42;3694
250915;083700;304.41;304.5;304.39;304.46;24956
250915;083800;304.5;304.5;304.32;304.32;15802
250915;083900;304.37;304.4;304.17;304.18;24706
250915;084000;304.24;304.29;304.19;304.29;934
250915;084100;304.28;304.28;304.14;304.2;7582
250915;084200;304.2;304.2;304.03;304.08;6292
250915;084300;304.08;304.12;304.03;304.09;21666
250915;084400;304.09;304.1;304.03;304.09;4261
250915;084500;304.06;304.1;304.03;304.1;11667
250915;084600;304.1;304.1;304;304;38842
250915;084700;303.98;304.1;303.87;304.01;5604
250915;084800;304.09;304.09;304;304.01;2700
250915;084900;304.08;304.1;304;304.08;2092
250915;085000;304.02;304.1;304;304.06;1063
250915;085100;304.06;304.06;304;304.04;3793
250915;085200;304;304.04;304;304.01;1599
250915;085300;304.04;304.09;303.88;304.01;6279
250915;085400;304;304.02;303.89;304;262
250915;085500;304.01;304.02;304;304.01;1915
250915;085600;304;304.15;303.99;304.15;16094
250915;085700;304.15;304.15;303.99;304.06;9587
250915;085800;304.06;304.06;304;304.01;700
250915;085900;304.03;304.03;303.89;303.98;4130
250915;090000;303.98;304.19;303.92;303.99;28950
250915;090100;303.92;304.09;303.85;304.09;31325
250915;090200;304.08;304.08;303.91;303.95;4878
250915;090300;303.95;303.95;303.92;303.93;953
250915;090400;303.93;304.1;303.92;304.09;6989
250915;090500;304.09;304.1;304.03;304.03;2884
250915;090600;304.04;304.04;303.89;303.9;3933
250915;090700;303.89;303.89;303.8;303.8;17887
250915;090800;303.81;303.81;303.6;303.61;62030
250915;090900;303.61;303.61;303.41;303.46;47213
250915;091000;303.46;303.48;303.43;303.45;13673
250915;091100;303.45;303.45;303.22;303.35;49382
250915;091200;303.35;303.49;303.22;303.49;54870
250915;091300;303.48;303.59;303.42;303.49;34541
250915;091400;303.49;303.5;303.43;303.44;11916
250915;091500;303.43;303.49;303.23;303.3;47044
250915;091600;303.31;303.31;303.18;303.21;23757
250915;091700;303.2;303.35;303.17;303.34;29888
250915;091800;303.31;303.32;303.16;303.23;8436
250915;091900;303.24;303.3;303.21;303.24;11428
250915;092000;303.24;303.24;303.17;303.18;6632
250915;092100;303.18;303.29;303.16;303.29;22240
250915;092200;303.27;303.29;303.22;303.27;13802
250915;092300;303.26;303.28;303.18;303.23;11049
250915;092400;303.22;303.25;303.05;303.05;13094
250915;092500;303.05;303.05;303.02;303.03;40596
250915;092600;303.03;303.03;303;303;50721
250915;092700;303;303.13;303;303.13;49747
250915;092800;303.14;303.23;303.11;303.21;38995
250915;092900;303.21;303.23;303.16;303.22;7507
250915;093000;303.21;303.23;303.21;303.23;38196
250915;093100;303.22;303.23;303.22;303.23;13114
250915;093200;303.23;303.23;303.22;303.23;11469
250915;093300;303.23;303.47;303.22;303.47;13140
250915;093400;303.47;303.5;303.46;303.5;12136
250915;093500;303.5;303.5;303.49;303.5;15360
250915;093600;303.5;303.61;303.5;303.61;13879
250915;093700;303.62;303.63;303.59;303.6;4698
250915;093800;303.6;303.67;303.59;303.67;18814
250915;093900;303.67;303.67;303.66;303.67;8542
250915;094000;303.67;303.67;303.49;303.54;16524
250915;094100;303.54;303.55;303.4;303.55;18291
250915;094200;303.54;303.58;303.5;303.56;7113
250915;094300;303.56;303.58;303.47;303.54;6236
250915;094400;303.54;303.55;303.53;303.53;1033
250915;094500;303.55;303.68;303.53;303.68;18269
250915;094600;303.68;303.75;303.61;303.65;13226
250915;094700;303.64;303.64;303.47;303.49;9851
250915;094800;303.48;303.49;303.25;303.32;25052
250915;094900;303.27;303.33;303.18;303.26;8054
250915;095000;303.27;303.42;303.26;303.42;21121
250915;095100;303.42;303.47;303.31;303.34;9230
250915;095200;303.34;303.48;303.34;303.46;16042
250915;095300;303.49;303.57;303.49;303.57;11856
250915;095400;303.57;303.59;303.56;303.58;14143
250915;095500;303.58;303.59;303.57;303.59;16140
250915;095600;303.59;303.59;303.58;303.58;1435
250915;095700;303.59;303.68;303.57;303.67;8840
250915;095800;303.67;303.7;303.67;303.7;1136
250915;095900;303.7;303.77;303.69;303.7;13405
250915;100000;303.69;303.7;303.6;303.6;10953
250915;100100;303.62;303.62;303.6;303.6;12707
250915;100200;303.61;303.77;303.61;303.77;13863
250915;100300;303.77;303.89;303.77;303.89;16507
250915;100400;303.88;304.26;303.88;304.25;73430
250915;100500;304.21;304.21;303.79;303.83;48393
250915;100600;303.86;303.99;303.86;303.87;21296
250915;100700;303.88;304.11;303.87;304.06;33001
250915;100800;304.08;304.12;304;304.02;26423
250915;100900;304.01;304.01;303.91;303.93;17319
250915;101000;303.93;303.99;303.92;303.97;9694
250915;101100;303.96;304;303.96;304;13892
250915;101200;304;304.15;304;304.07;31582
250915;101300;304.06;304.09;303.98;303.99;37958
250915;101400;303.99;304.09;303.99;304.08;20350
250915;101500;304.08;304.15;304.07;304.15;29163
250915;101600;304.14;304.18;304.14;304.15;29513
250915;101700;304.15;304.15;303.99;304;116819
250915;101800;304;304.16;303.99;304.11;12932
250915;101900;304.11;304.16;304.07;304.12;23200
250915;102000;304.12;304.24;303.79;303.8;103823
250915;102100;303.79;304.07;303.79;303.96;78174
250915;102200;303.95;304.11;303.95;304.1;44903
250915;102300;304.1;304.11;304.1;304.1;3659
250915;102400;304.11;304.11;304.01;304.01;11070
250915;102500;304;304.05;303.96;304.03;28342
250915;102600;304.03;304.11;304.01;304.11;25434
250915;102700;304.1;304.25;304.1;304.23;25362
250915;102800;304.25;304.29;304.25;304.27;15804
250915;102900;304.27;304.39;304.26;304.39;19368
250915;103000;304.38;304.41;304.33;304.35;21749
250915;103100;304.35;304.4;304.31;304.39;33075
250915;103200;304.38;304.44;304.38;304.41;20383
250915;103300;304.41;304.43;304.39;304.4;52465
250915;103400;304.39;304.42;304.36;304.39;34418
250915;103500;304.39;304.39;304.33;304.34;36056
250915;103600;304.34;304.37;304.33;304.36;22493
250915;103700;304.37;304.44;304.36;304.44;62677
250915;103800;304.43;304.44;304.33;304.34;77571
250915;103900;304.33;304.36;304.33;304.34;17612
250915;104000;304.33;304.37;304.3;304.3;35131
250915;104100;304.3;304.3;304.12;304.13;58895
250915;104200;304.13;304.19;304.03;304.16;102646
250915;104300;304.17;304.21;304.1;304.1;6254
250915;104400;304.11;304.2;304.09;304.2;8849
250915;104500;304.2;304.2;304.17;304.19;2466
250915;104600;304.18;304.18;304.04;304.05;23302
250915;104700;304.05;304.11;304.04;304.07;13690
250915;104800;304.07;304.07;304.06;304.07;4242
250915;104900;304.07;304.11;304.06;304.09;7511
250915;105000;304.08;304.1;304.05;304.1;6860
250915;105100;304.09;304.15;304.06;304.13;9093
250915;105200;304.1;304.13;304.1;304.12;1274
250915;105300;304.12;304.12;304.09;304.11;11852
250915;105400;304.1;304.11;304.07;304.08;30826
250915;105500;304.08;304.08;304.06;304.08;50237
250915;105600;304.08;304.08;304.02;304.08;6039
250915;105700;304.08;304.1;304.04;304.09;11436
250915;105800;304.1;304.12;304.02;304.03;8916
250915;105900;304.03;304.03;303.91;303.93;53112
250915;110000;303.92;303.94;303.89;303.93;18170
250915;110100;303.93;303.93;303.81;303.83;21620
250915;110200;303.83;303.84;303.77;303.8;31568
250915;110300;303.8;303.82;303.72;303.73;33976
250915;110400;303.73;303.81;303.73;303.81;11554
250915;110500;303.81;303.83;303.79;303.83;5038
250915;110600;303.83;303.83;303.76;303.83;9172
250915;110700;303.83;303.83;303.78;303.81;858
250915;110800;303.8;303.83;303.79;303.81;9474
250915;110900;303.82;303.92;303.82;303.9;35057
250915;111000;303.89;303.92;303.89;303.89;10884
250915;111100;303.89;303.92;303.88;303.91;2420
250915;111200;303.92;303.92;303.91;303.92;8467
250915;111300;303.92;303.92;303.85;303.87;23713
250915;111400;303.87;303.93;303.86;303.92;10115
250915;111500;303.93;303.99;303.92;303.93;6220
250915;111600;303.93;303.96;303.91;303.93;6142
250915;111700;303.93;303.93;303.85;303.85;30292
250915;111800;303.86;303.87;303.7;303.7;120967
250915;111900;303.7;303.71;303.6;303.61;99390
250915;112000;303.61;303.61;303.6;303.6;32436
250915;112100;303.61;303.61;303.33;303.41;120584
250915;112200;303.41;303.42;303.1;303.26;110142
250915;112300;303.26;303.28;303.03;303.11;97395
250915;112400;303.11;303.12;302.92;302.98;156519
250915;112500;302.98;302.98;302.67;302.79;180915
250915;112600;302.75;302.76;302.52;302.69;168319
250915;112700;302.69;302.9;302.62;302.82;49213
250915;112800;302.82;302.87;302.77;302.8;31489
250915;112900;302.8;302.92;302.76;302.88;45388
250915;113000;302.88;302.88;302.22;302.3;166110
250915;113100;302.29;302.3;302.18;302.22;56558
250915;113200;302.22;302.34;302.22;302.32;69498
250915;113300;302.33;302.41;302.24;302.31;33314
250915;113400;302.31;302.31;302.27;302.31;24199
250915;113500;302.31;302.38;302.31;302.37;14440
250915;113600;302.38;302.72;302.38;302.66;58399
250915;113700;302.65;302.73;302.62;302.73;10550
250915;113800;302.73;302.73;302.37;302.45;133418
250915;113900;302.45;302.45;302.3;302.4;35372
250915;114000;302.41;302.44;302.34;302.43;18452
250915;114100;302.43;302.47;302.39;302.4;15395
250915;114200;302.39;302.4;302.3;302.31;29126
250915;114300;302.3;302.32;302.26;302.28;26835
250915;114400;302.28;302.33;302.27;302.29;26229
250915;114500;302.29;302.29;302.26;302.27;32865
250915;114600;302.27;302.28;302.26;302.27;30825
250915;114700;302.28;302.3;302.27;302.28;31502
250915;114800;302.28;302.28;302.24;302.25;19114
250915;114900;302.25;302.26;302.23;302.26;46301
250915;115000;302.25;302.28;302.25;302.28;10830
250915;115100;302.27;302.28;302.23;302.23;64459
250915;115200;302.24;302.47;302.23;302.47;49558
250915;115300;302.47;302.64;302.47;302.58;32996
250915;115400;302.59;302.62;302.58;302.62;19646
250915;115500;302.62;302.75;302.62;302.7;30535
250915;115600;302.71;302.71;302.6;302.6;27409
250915;115700;302.61;302.61;302.6;302.61;4977
250915;115800;302.6;302.61;302.6;302.6;4490
250915;115900;302.61;302.61;302.57;302.58;13269
250915;120000;302.58;302.58;302.52;302.52;15415
250915;120100;302.53;302.53;302.5;302.5;41902
250915;120200;302.51;302.51;302.36;302.37;26590
250915;120300;302.36;302.37;302.17;302.17;151071
250915;120400;302.18;302.18;301.99;301.99;208182
250915;120500;301.99;301.99;301.63;301.81;246019
250915;120600;301.82;301.85;301.69;301.7;56578
250915;120700;301.7;301.74;301.68;301.74;65481
250915;120800;301.74;301.74;301.68;301.71;63281
250915;120900;301.71;301.74;301.69;301.74;21675
250915;121000;301.74;301.75;301.65;301.69;31467
250915;121100;301.69;302;301.69;301.94;98451
250915;121200;301.94;302;301.82;301.88;120673
250915;121300;301.88;301.99;301.82;301.95;78974
250915;121400;301.95;302;301.92;301.93;58903
250915;121500;301.93;301.95;301.93;301.95;31553
250915;121600;301.94;301.98;301.93;301.98;48222
250915;121700;301.98;301.99;301.93;301.99;51195
250915;121800;301.99;302;301.98;302;51659
250915;121900;302;302;301.99;302;9430
250915;122000;302;302;301.99;302;6901
250915;122100;301.99;302;301.9;301.92;44328
250915;122200;301.92;301.96;301.82;301.85;40205
250915;122300;301.83;301.91;301.8;301.8;44916
250915;122400;301.81;301.81;301.7;301.74;71912
250915;122500;301.77;301.77;301.65;301.66;26131
250915;122600;301.66;301.68;301.55;301.56;70711
250915;122700;301.56;301.68;301.5;301.68;64045
250915;122800;301.68;301.83;301.6;301.64;109803
250915;122900;301.64;301.66;301.5;301.52;42050
250915;123000;301.55;301.55;301.21;301.35;149348
250915;123100;301.4;301.52;301.3;301.52;74839
250915;123200;301.52;301.53;301.4;301.48;10399
250915;123300;301.48;301.52;301.4;301.47;14511
250915;123400;301.47;301.47;301.4;301.42;8693
250915;123500;301.42;301.49;301.4;301.4;17412
250915;123600;301.44;301.5;301.4;301.46;13569
250915;123700;301.48;301.49;301.46;301.46;21694
250915;123800;301.46;301.46;301.4;301.4;21996
250915;123900;301.4;301.41;301.3;301.31;39436
250915;124000;301.31;301.36;301.11;301.2;115371
250915;124100;301.22;301.44;301.21;301.37;99836
250915;124200;301.36;301.51;301.36;301.41;68997
250915;124300;301.42;301.42;301.36;301.38;16583
250915;124400;301.38;301.41;301.21;301.25;18252
250915;124500;301.25;301.25;301.18;301.18;44176
250915;124600;301.17;301.2;301.01;301.02;81845
250915;124700;301.02;301.02;300.81;300.88;408296
250915;124800;300.92;301.02;300.89;301.02;29230
250915;124900;301.02;301.11;300.87;300.88;69087
250915;125000;300.88;300.92;300.85;300.86;42368
250915;125100;300.86;300.92;300.85;300.86;32772
250915;125200;300.89;301.16;300.86;301.16;93978
250915;125300;301.16;301.32;301.16;301.29;33507
250915;125400;301.29;301.34;301.25;301.29;24706
250915;125500;301.31;301.34;301.28;301.31;11575
250915;125600;301.31;301.37;301.3;301.37;40499
250915;125700;301.37;301.38;301.32;301.37;13903
250915;125800;301.37;301.46;301.36;301.39;23034
250915;125900;301.39;301.47;301.37;301.38;24716
250915;130000;301.39;301.39;301.37;301.39;12948
250915;130100;301.39;301.39;301.31;301.32;31833
250915;130200;301.32;301.41;301.31;301.41;14495
250915;130300;301.41;301.41;301.32;301.33;10330
250915;130400;301.32;301.41;301.31;301.33;21122
250915;130500;301.33;301.34;301.31;301.32;16556
250915;130600;301.32;301.32;301.29;301.29;20202
250915;130700;301.3;301.31;301.26;301.27;14138
250915;130800;301.29;301.47;301.27;301.47;41318
250915;130900;301.45;301.7;301.45;301.7;24061
250915;131000;301.7;301.98;301.66;301.8;80101
250915;131100;301.8;301.84;301.77;301.77;21968
250915;131200;301.77;301.78;301.77;301.77;12005
250915;131300;301.77;301.83;301.77;301.83;16669
250915;131400;301.83;301.92;301.82;301.92;33346
250915;131500;301.92;301.92;301.81;301.84;24338
250915;131600;301.87;301.87;301.72;301.76;18903
250915;131700;301.76;301.76;301.5;301.54;39106
250915;131800;301.57;301.62;301.45;301.47;28856
250915;131900;301.52;301.54;301.33;301.43;39713
250915;132000;301.44;301.44;301.3;301.41;9319
250915;132100;301.41;301.41;301.3;301.3;8765
250915;132200;301.31;301.33;301.3;301.32;6088
250915;132300;301.32;301.35;301.27;301.33;16175
250915;132400;301.35;301.35;301.28;301.31;11633
250915;132500;301.31;301.31;301.25;301.26;5740
250915;132600;301.26;301.27;301.2;301.24;45838
250915;132700;301.24;301.35;301.23;301.3;27040
250915;132800;301.27;301.33;301.19;301.28;16937
250915;132900;301.29;301.31;301.23;301.23;8582
250915;133000;301.26;301.27;301.21;301.23;9709
250915;133100;301.23;301.23;301.1;301.11;21489
250915;133200;301.13;301.17;301.05;301.14;54071
250915;133300;301.16;301.35;301.15;301.33;33525
250915;133400;301.33;301.4;301.31;301.39;23213
250915;133500;301.41;301.41;301.34;301.41;9953
250915;133600;301.41;301.47;301.4;301.42;6092
250915;133700;301.42;301.45;301.34;301.37;20686
250915;133800;301.4;301.44;301.34;301.4;10127
250915;133900;301.41;301.41;301.3;301.3;19584
250915;134000;301.31;301.34;301.27;301.28;24428
250915;134100;301.28;301.35;301.25;301.33;30802
250915;134200;301.29;301.35;301.25;301.3;12309
250915;134300;301.31;301.35;301.24;301.24;10674
250915;134400;301.24;301.24;301.2;301.2;23145
250915;134500;301.23;301.24;301.15;301.18;12738
250915;134600;301.17;301.23;301.17;301.17;9498
250915;134700;301.18;301.18;301.11;301.14;28248
250915;134800;301.15;301.15;301.1;301.1;16431
250915;134900;301.11;301.11;301.05;301.06;23692
250915;135000;301.06;301.06;301;301;317658
250915;135100;301;301.01;301;301;26294
250915;135200;301.01;301.01;301;301;37210
250915;135300;301.01;301.01;301;301.01;17969
250915;135400;301.01;301.01;301;301.01;12553
250915;135500;301.01;301.01;300.85;300.97;48786
250915;135600;300.97;300.98;300.89;300.91;18851
250915;135700;300.91;300.91;300.88;300.88;39357
250915;135800;300.89;300.9;300.88;300.88;9848
250915;135900;300.89;300.93;300.82;300.83;17305
250915;140000;300.85;300.89;300.81;300.81;18829
250915;140100;300.82;300.88;300.8;300.83;25863
250915;140200;300.83;300.87;300.8;300.82;15576
250915;140300;300.82;300.88;300.8;300.82;24128
250915;140400;300.82;300.84;300.76;300.81;35308
250915;140500;300.83;300.83;300.71;300.75;67933
250915;140600;300.75;300.75;300.71;300.73;18457
250915;140700;300.73;300.76;300.71;300.72;14887
250915;140800;300.74;300.75;300.71;300.72;17606
250915;140900;300.75;300.95;300.75;300.95;8461
250915;141000;300.95;301;300.94;301;25296
250915;141100;301;301;300.96;300.99;5522
250915;141200;300.99;301.13;300.98;301.13;37498
250915;141300;301.13;301.13;301.03;301.07;4561
250915;141400;301.07;301.1;301.06;301.1;4092
250915;141500;301.1;301.13;301.08;301.13;10625
250915;141600;301.13;301.29;301.12;301.28;33677
250915;141700;301.28;301.31;301.27;301.28;17544
250915;141800;301.28;301.28;301.23;301.23;11067
250915;141900;301.24;301.27;301.23;301.26;6603
250915;142000;301.27;301.31;301.23;301.24;18887
250915;142100;301.28;301.36;301.24;301.36;10947
250915;142200;301.36;301.38;301.35;301.36;5551
250915;142300;301.37;301.45;301.36;301.45;13002
250915;142400;301.45;301.47;301.39;301.46;17702
250915;142500;301.47;301.49;301.44;301.49;23203
250915;142600;301.48;301.7;301.48;301.69;46567
250915;142700;301.69;301.73;301.66;301.72;36594
250915;142800;301.72;301.8;301.72;301.78;22047
250915;142900;301.78;301.84;301.77;301.8;26027
250915;143000;301.83;301.84;301.73;301.74;16074
250915;143100;301.74;301.79;301.74;301.76;13047
250915;143200;301.76;301.79;301.75;301.75;8293
250915;143300;301.76;301.78;301.71;301.71;9874
250915;143400;301.71;301.73;301.7;301.71;17152
250915;143500;301.71;301.77;301.7;301.77;12122
250915;143600;301.77;301.82;301.74;301.77;46040
250915;143700;301.81;301.84;301.77;301.83;9017
250915;143800;301.84;301.86;301.83;301.86;2508
250915;143900;301.86;301.86;301.85;301.85;8675
250915;144000;301.86;301.87;301.85;301.86;13072
250915;144100;301.87;301.99;301.85;301.9;95474
250915;144200;301.9;301.9;301.87;301.87;11186
250915;144300;301.88;301.97;301.87;301.94;33586
250915;144400;301.94;302.08;301.93;302.07;102716
250915;144500;302.08;302.1;302.07;302.1;71700
250915;144600;302.1;302.17;302.1;302.17;59911
250915;144700;302.17;302.2;302.11;302.13;39158
250915;144800;302.13;302.22;302.11;302.15;27493
250915;144900;302.16;302.25;302.15;302.21;26309
250915;145000;302.22;302.22;302.04;302.05;23657
250915;145100;302.05;302.1;302.04;302.09;5946
250915;145200;302.09;302.16;302.05;302.13;7677
250915;145300;302.13;302.15;302.1;302.12;6276
250915;145400;302.12;302.19;302.1;302.18;28093
250915;145500;302.19;302.19;302.09;302.18;14658
250915;145600;302.18;302.19;302.15;302.16;18872
250915;145700;302.19;302.19;302.15;302.16;20752
250915;145800;302.16;302.16;302.1;302.11;3822
250915;145900;302.11;302.11;302.05;302.05;35944
250915;150000;302.06;302.39;302.05;302.26;58641
250915;150100;302.27;302.41;302.22;302.38;58355
250915;150200;302.39;302.39;302.3;302.3;19208
250915;150300;302.36;302.38;302.34;302.36;13328
250915;150400;302.36;302.37;302.35;302.37;7041
250915;150500;302.37;302.39;302.34;302.34;47120
250915;150600;302.34;302.45;302.32;302.44;55588
250915;150700;302.45;302.74;302.44;302.55;144083
